text,sentiment
The drama was adapted from a novel. The cast includes actors from television and film.,neutral
"The cast moves at an uneven pace, leaving a disappointing impression.",negative
The film has a running time of 132 minutes. The plot follows events presented in chronological order.,neutral
"The comedy gives the performances room to stand out, which gives the movie considerable appeal.",positive
"The thriller creates convincing character relationships, and the story remains interesting throughout.",positive
"The adaptation handles the central conflict with care, leaving a lasting impression.",positive
"The cast uses its visual style without much purpose, leaving a disappointing impression.",negative
"The cast builds its story with confidence, giving the movie a confident and entertaining quality.",positive
The drama features a cast of six principal actors. The story takes place in several locations.,neutral
"The drama makes limited use of its setting, and the emotional moments rarely feel convincing.",negative
"The film moves at an uneven pace, and the result is difficult to enjoy.",negative
The drama includes scenes set in a school. The cast includes actors from television and film.,neutral
The drama was filmed in several locations. The production includes both indoor and outdoor scenes.,neutral
"The drama makes limited use of its setting, and the emotional moments rarely feel convincing.",negative
"The film maintains a strong pace, and the result is thoroughly enjoyable.",positive
The drama has a running time of 126 minutes. The story takes place in several locations.,neutral
"This movie creates memorable scenes, and the performances strengthen the overall experience.",positive
The drama was released in 2017. The story takes place in several locations.,neutral
"The thriller uses its setting effectively, and the story remains interesting throughout.",positive
"The film maintains a strong pace, and the result is thoroughly enjoyable.",positive
"The director's work gives the ending enough weight, and the emotional moments feel convincing.",positive
The film was released in 2008. The plot follows events presented in chronological order.,neutral
The film was filmed in color. The credits list the principal cast members.,neutral
The film has a running time of 126 minutes. The credits list the principal cast members.,neutral
"The production moves naturally between its scenes, making the film easy to recommend.",positive
"The comedy uses its visual style without much purpose, which makes the final result feel unsatisfying.",negative
"The production makes limited use of its setting, and the performances do little to improve it.",negative
"The thriller creates unconvincing character relationships, and the story becomes increasingly difficult to follow.",negative
The film includes scenes set in a school. The credits list the principal cast members.,neutral
"The director's work keeps the audience engaged, and the emotional moments feel convincing.",positive
"The story moves at an uneven pace, giving the movie an uneven and frustrating quality.",negative
"The drama develops its characters carefully, and the conclusion feels well earned.",positive
"This movie creates unconvincing character relationships, and the conclusion does not feel earned.",negative
"The director's work creates unconvincing character relationships, making the movie hard to recommend.",negative
The drama was released in 2020. The cast includes actors from television and film.,neutral
"The cast moves at an uneven pace, leaving a disappointing impression.",negative
"The film makes good use of its visual style, and the result is thoroughly enjoyable.",positive
"The film uses its visual style without much purpose, and the result is difficult to enjoy.",negative
The drama covers a period of several months. The production uses a mixture of daytime and nighttime scenes.,neutral
"The adaptation moves at an uneven pace, which weakens the overall experience.",negative
"The adaptation uses its visual style without much purpose, which weakens the overall experience.",negative
"The adaptation keeps the dialogue lively, leaving a lasting impression.",positive
The drama uses English as its primary language. The production includes both indoor and outdoor scenes.,neutral
"The drama develops its characters carefully, and the conclusion feels well earned.",positive
"The story balances its dramatic moments well, which makes the final result particularly satisfying.",positive
"The cast moves at an uneven pace, leaving a disappointing impression.",negative
"The film uses its visual style without much purpose, and the result is difficult to enjoy.",negative
The film was distributed in several countries. The narrative follows events involving several characters.,neutral
"The comedy uses its visual style without much purpose, which makes the final result feel unsatisfying.",negative
"The adaptation handles the central conflict with care, leaving a lasting impression.",positive
"The production makes the main characters easy to follow, making the film easy to recommend.",positive
"The drama follows events across several days. The film contains dialogue, music, and background sound.",neutral
"The thriller makes limited use of its setting, and the story becomes increasingly difficult to follow.",negative
"The comedy maintains a consistent tone, which gives the movie considerable appeal.",positive
"This movie turns a simple premise into an engaging story, and the performances strengthen the overall experience.",positive
The film is set in a small coastal town. The plot follows events presented in chronological order.,neutral
"The cast moves at an uneven pace, leaving a disappointing impression.",negative
The film was adapted from a novel. The credits list the principal cast members.,neutral
"The drama creates unconvincing character relationships, and the emotional moments rarely feel convincing.",negative
"The film maintains a strong pace, and the result is thoroughly enjoyable.",positive
"The adaptation moves at an uneven pace, which weakens the overall experience.",negative
The drama is set in a small coastal town. The story takes place in several locations.,neutral
"The thriller creates unconvincing character relationships, and the story becomes increasingly difficult to follow.",negative
"The story uses humor at appropriate moments, which makes the final result particularly satisfying.",positive
The film is set in a small coastal town. The opening scene introduces the main characters.,neutral
"The production makes the main characters easy to follow, making the film easy to recommend.",positive
"This movie creates memorable scenes, and the performances strengthen the overall experience.",positive
"The director's work creates unconvincing character relationships, making the movie hard to recommend.",negative
"The film maintains a strong pace, and the result is thoroughly enjoyable.",positive
"The story uses humor at appropriate moments, which makes the final result particularly satisfying.",positive
"The production moves naturally between its scenes, making the film easy to recommend.",positive
"The comedy maintains a consistent tone, which gives the movie considerable appeal.",positive
The film was distributed in several countries. The story includes scenes from different parts of the town.,neutral
The film follows events across several days. The story includes scenes from different parts of the town.,neutral
"The comedy gives the performances room to stand out, which gives the movie considerable appeal.",positive
"The film uses its visual style without much purpose, and the result is difficult to enjoy.",negative
"The cast builds its story with confidence, giving the movie a confident and entertaining quality.",positive
"The cast builds its story with confidence, giving the movie a confident and entertaining quality.",positive
"This movie creates unconvincing character relationships, and the conclusion does not feel earned.",negative
"The director's work keeps the audience engaged, and the emotional moments feel convincing.",positive
"The adaptation moves at an uneven pace, which weakens the overall experience.",negative
The film follows events across several days. The plot follows events presented in chronological order.,neutral
"The drama creates unconvincing character relationships, and the emotional moments rarely feel convincing.",negative
"This movie creates unconvincing character relationships, and the conclusion does not feel earned.",negative
"The film makes good use of its visual style, and the result is thoroughly enjoyable.",positive
"The director's work keeps the audience engaged, and the emotional moments feel convincing.",positive
"The thriller creates convincing character relationships, and the story remains interesting throughout.",positive
"The drama keeps its central idea clear, and the conclusion feels well earned.",positive
"This movie creates unconvincing character relationships, and the conclusion does not feel earned.",negative
The drama was distributed in several countries. The production includes both indoor and outdoor scenes.,neutral
"The film maintains a strong pace, and the result is thoroughly enjoyable.",positive
"The cast moves at an uneven pace, leaving a disappointing impression.",negative
"The drama features a cast of six principal actors. The film contains dialogue, music, and background sound.",neutral
The film is set in a small coastal town. The narrative follows events involving several characters.,neutral
"The production makes limited use of its setting, and the performances do little to improve it.",negative
"This movie creates unconvincing character relationships, and the conclusion does not feel earned.",negative
"The story balances its dramatic moments well, which makes the final result particularly satisfying.",positive
The drama was released in 2020. The cast includes actors from television and film.,neutral
"The story uses its visual style without much purpose, giving the movie an uneven and frustrating quality.",negative
The drama is set in a small coastal town. The production includes both indoor and outdoor scenes.,neutral
"The cast connects its different storylines effectively, giving the movie a confident and entertaining quality.",positive
The drama has a running time of 126 minutes. The production uses a mixture of daytime and nighttime scenes.,neutral
"The cast connects its different storylines effectively, giving the movie a confident and entertaining quality.",positive
"The adaptation moves at an uneven pace, which weakens the overall experience.",negative
The film was released in 2011. The plot follows events presented in chronological order.,neutral
"The story uses humor at appropriate moments, which makes the final result particularly satisfying.",positive
The film takes place during the summer. The credits list the principal cast members.,neutral
"The director's work keeps the audience engaged, and the emotional moments feel convincing.",positive
"The cast builds its story with confidence, giving the movie a confident and entertaining quality.",positive
"The drama makes limited use of its setting, and the emotional moments rarely feel convincing.",negative
The drama was released in 2014. The production includes both indoor and outdoor scenes.,neutral
The film features a cast of six principal actors. The opening scene introduces the main characters.,neutral
"The film maintains a strong pace, and the result is thoroughly enjoyable.",positive
"This movie turns a simple premise into an engaging story, and the performances strengthen the overall experience.",positive
"The comedy uses its visual style without much purpose, which makes the final result feel unsatisfying.",negative
"The adaptation uses its visual style without much purpose, which weakens the overall experience.",negative
"The comedy uses its visual style without much purpose, which makes the final result feel unsatisfying.",negative
The drama uses both indoor and outdoor locations. The cast includes actors from television and film.,neutral
The film was released in 2014. The plot follows events presented in chronological order.,neutral
The film follows events across several days. The opening scene introduces the main characters.,neutral
The film includes scenes set in a workplace. The narrative follows events involving several characters.,neutral
"This movie creates unconvincing character relationships, and the conclusion does not feel earned.",negative
The film covers a period of several months. The story includes scenes from different parts of the town.,neutral
"The director's work gives the ending enough weight, and the emotional moments feel convincing.",positive
"The cast uses its visual style without much purpose, leaving a disappointing impression.",negative
"The comedy gives the performances room to stand out, which gives the movie considerable appeal.",positive
"The story uses its visual style without much purpose, giving the movie an uneven and frustrating quality.",negative
The drama was produced by an independent studio. The cast includes actors from television and film.,neutral
"The cast uses its visual style without much purpose, leaving a disappointing impression.",negative
The film was adapted from a novel. The plot follows events presented in chronological order.,neutral
The film is set in a large metropolitan area. The plot follows events presented in chronological order.,neutral
"The thriller creates convincing character relationships, and the story remains interesting throughout.",positive
"This movie creates unconvincing character relationships, and the conclusion does not feel earned.",negative
The film has a running time of 126 minutes. The narrative follows events involving several characters.,neutral
"The drama makes limited use of its setting, and the emotional moments rarely feel convincing.",negative
"The drama creates unconvincing character relationships, and the emotional moments rarely feel convincing.",negative
"The drama has a running time of 126 minutes. The film contains dialogue, music, and background sound.",neutral
The drama was released in 2001. The production uses a mixture of daytime and nighttime scenes.,neutral
The film was released in 2020. The story includes scenes from different parts of the town.,neutral
"The drama uses both indoor and outdoor locations. The film contains dialogue, music, and background sound.",neutral
The drama uses English as its primary language. The cast includes actors from television and film.,neutral
"The production makes limited use of its setting, and the performances do little to improve it.",negative
The film was released in 2011. The story includes scenes from different parts of the town.,neutral
"The cast uses its visual style without much purpose, leaving a disappointing impression.",negative
The drama was filmed in several locations. The cast includes actors from television and film.,neutral
"The drama creates unconvincing character relationships, and the emotional moments rarely feel convincing.",negative
"The production creates unconvincing character relationships, and the performances do little to improve it.",negative
"The story uses its visual style without much purpose, giving the movie an uneven and frustrating quality.",negative
The film is set in a small coastal town. The story includes scenes from different parts of the town.,neutral
The drama features a cast of six principal actors. The story takes place in several locations.,neutral
"The cast builds its story with confidence, giving the movie a confident and entertaining quality.",positive
"The production creates unconvincing character relationships, and the performances do little to improve it.",negative
The drama covers a period of several months. The production includes both indoor and outdoor scenes.,neutral
The drama was released in 2014. The cast includes actors from television and film.,neutral
"The film uses its visual style without much purpose, and the result is difficult to enjoy.",negative
"The thriller creates convincing character relationships, and the story remains interesting throughout.",positive
"The drama keeps its central idea clear, and the conclusion feels well earned.",positive
The drama was filmed in several locations. The story takes place in several locations.,neutral
The film uses both indoor and outdoor locations. The credits list the principal cast members.,neutral
The drama takes place during the winter. The production uses a mixture of daytime and nighttime scenes.,neutral
"This movie turns a simple premise into an engaging story, and the performances strengthen the overall experience.",positive
"The cast moves at an uneven pace, leaving a disappointing impression.",negative
The film was produced by an independent studio. The plot follows events presented in chronological order.,neutral
The drama includes scenes set in a workplace. The cast includes actors from television and film.,neutral
"The production moves naturally between its scenes, making the film easy to recommend.",positive
"The thriller creates unconvincing character relationships, and the story becomes increasingly difficult to follow.",negative
"The drama develops its characters carefully, and the conclusion feels well earned.",positive
The film includes scenes set in a workplace. The narrative follows events involving several characters.,neutral
"The production creates unconvincing character relationships, and the performances do little to improve it.",negative
"The thriller creates convincing character relationships, and the story remains interesting throughout.",positive
"The director's work creates unconvincing character relationships, making the movie hard to recommend.",negative
The drama has a running time of 126 minutes. The cast includes actors from television and film.,neutral
"The director's work makes limited use of its setting, making the movie hard to recommend.",negative
"The drama keeps its central idea clear, and the conclusion feels well earned.",positive
The film has a running time of 126 minutes. The narrative follows events involving several characters.,neutral
"The drama was released in 2017. The film contains dialogue, music, and background sound.",neutral
The film has a running time of 104 minutes. The opening scene introduces the main characters.,neutral
The film was released in 2008. The credits list the principal cast members.,neutral
"The thriller creates convincing character relationships, and the story remains interesting throughout.",positive
"The comedy maintains a consistent tone, which gives the movie considerable appeal.",positive
"The drama has a running time of 104 minutes. The film contains dialogue, music, and background sound.",neutral
"The comedy uses its visual style without much purpose, which makes the final result feel unsatisfying.",negative
"The cast builds its story with confidence, giving the movie a confident and entertaining quality.",positive
"The story balances its dramatic moments well, which makes the final result particularly satisfying.",positive
"The adaptation uses its visual style without much purpose, which weakens the overall experience.",negative
"The cast uses its visual style without much purpose, leaving a disappointing impression.",negative
"The story balances its dramatic moments well, which makes the final result particularly satisfying.",positive
"This movie makes limited use of its setting, and the conclusion does not feel earned.",negative
The film was adapted from a novel. The opening scene introduces the main characters.,neutral
"The adaptation uses its visual style without much purpose, which weakens the overall experience.",negative
"The story balances its dramatic moments well, which makes the final result particularly satisfying.",positive
"The story uses humor at appropriate moments, which makes the final result particularly satisfying.",positive
The film was distributed in several countries. The plot follows events presented in chronological order.,neutral
The drama includes scenes set in a school. The production includes both indoor and outdoor scenes.,neutral
The film was adapted from a novel. The opening scene introduces the main characters.,neutral
The drama was produced by an independent studio. The production uses a mixture of daytime and nighttime scenes.,neutral
The film was released in 1998. The opening scene introduces the main characters.,neutral
"The drama was released in 2008. The film contains dialogue, music, and background sound.",neutral
The drama was released in 2020. The story takes place in several locations.,neutral
"This movie creates unconvincing character relationships, and the conclusion does not feel earned.",negative
The drama was released in 2008. The production uses a mixture of daytime and nighttime scenes.,neutral
"The drama was released in 2014. The film contains dialogue, music, and background sound.",neutral
"The production makes the main characters easy to follow, making the film easy to recommend.",positive
The drama is set in a small coastal town. The cast includes actors from television and film.,neutral
The film was released in 2008. The story includes scenes from different parts of the town.,neutral
"The story uses its visual style without much purpose, giving the movie an uneven and frustrating quality.",negative
"The story uses its visual style without much purpose, giving the movie an uneven and frustrating quality.",negative
"The drama uses English as its primary language. The film contains dialogue, music, and background sound.",neutral
The film was distributed in several countries. The opening scene introduces the main characters.,neutral
The film contains several dialogue scenes. The plot follows events presented in chronological order.,neutral
"The adaptation moves at an uneven pace, which weakens the overall experience.",negative
The film was released in 2011. The credits list the principal cast members.,neutral
"The thriller uses its setting effectively, and the story remains interesting throughout.",positive
"The cast connects its different storylines effectively, giving the movie a confident and entertaining quality.",positive
"The film moves at an uneven pace, and the result is difficult to enjoy.",negative
The film features a cast of six principal actors. The plot follows events presented in chronological order.,neutral
The film was released in 2014. The credits list the principal cast members.,neutral
The drama was produced by an independent studio. The cast includes actors from television and film.,neutral
"The drama was released in 2001. The film contains dialogue, music, and background sound.",neutral
"The drama features a cast of six principal actors. The film contains dialogue, music, and background sound.",neutral
"The adaptation handles the central conflict with care, leaving a lasting impression.",positive
"The thriller makes limited use of its setting, and the story becomes increasingly difficult to follow.",negative
"The story uses its visual style without much purpose, giving the movie an uneven and frustrating quality.",negative
The film has a running time of 104 minutes. The credits list the principal cast members.,neutral
"The thriller creates unconvincing character relationships, and the story becomes increasingly difficult to follow.",negative
"The director's work makes limited use of its setting, making the movie hard to recommend.",negative
"The thriller creates convincing character relationships, and the story remains interesting throughout.",positive
The film includes scenes set in a school. The plot follows events presented in chronological order.,neutral
"The cast builds its story with confidence, giving the movie a confident and entertaining quality.",positive
"The story moves at an uneven pace, giving the movie an uneven and frustrating quality.",negative
"The director's work makes limited use of its setting, making the movie hard to recommend.",negative
"The director's work makes limited use of its setting, making the movie hard to recommend.",negative
"The director's work keeps the audience engaged, and the emotional moments feel convincing.",positive
The drama follows events across several days. The story takes place in several locations.,neutral
"The cast moves at an uneven pace, leaving a disappointing impression.",negative
"The comedy gives the performances room to stand out, which gives the movie considerable appeal.",positive
"The drama develops its characters carefully, and the conclusion feels well earned.",positive
"The film maintains a strong pace, and the result is thoroughly enjoyable.",positive
The drama contains several dialogue scenes. The cast includes actors from television and film.,neutral
The drama was adapted from a novel. The production includes both indoor and outdoor scenes.,neutral
"The adaptation keeps the dialogue lively, leaving a lasting impression.",positive
"The thriller creates unconvincing character relationships, and the story becomes increasingly difficult to follow.",negative
"The cast moves at an uneven pace, leaving a disappointing impression.",negative
"The director's work creates unconvincing character relationships, making the movie hard to recommend.",negative
The drama contains several dialogue scenes. The story takes place in several locations.,neutral
"The thriller uses its setting effectively, and the story remains interesting throughout.",positive
The drama is set in a small coastal town. The cast includes actors from television and film.,neutral
The drama has a running time of 126 minutes. The story takes place in several locations.,neutral
The film uses English as its primary language. The credits list the principal cast members.,neutral
The drama was produced by an independent studio. The production includes both indoor and outdoor scenes.,neutral
"The film uses its visual style without much purpose, and the result is difficult to enjoy.",negative
The film has a running time of 132 minutes. The credits list the principal cast members.,neutral
The drama takes place during the summer. The production uses a mixture of daytime and nighttime scenes.,neutral
The film was filmed in color. The story includes scenes from different parts of the town.,neutral
"The film uses its visual style without much purpose, and the result is difficult to enjoy.",negative
The drama is set in a small coastal town. The production includes both indoor and outdoor scenes.,neutral
The drama has a running time of 132 minutes. The cast includes actors from television and film.,neutral
The film takes place during the winter. The story includes scenes from different parts of the town.,neutral
The film includes scenes set in a school. The opening scene introduces the main characters.,neutral
The drama has a running time of 104 minutes. The cast includes actors from television and film.,neutral
The film takes place during the summer. The narrative follows events involving several characters.,neutral
"The drama keeps its central idea clear, and the conclusion feels well earned.",positive
"The drama develops its characters carefully, and the conclusion feels well earned.",positive
The drama was released in 2011. The cast includes actors from television and film.,neutral
"The adaptation keeps the dialogue lively, leaving a lasting impression.",positive
The drama was released in 2008. The production includes both indoor and outdoor scenes.,neutral
"The production makes limited use of its setting, and the performances do little to improve it.",negative
The drama has a running time of 126 minutes. The production uses a mixture of daytime and nighttime scenes.,neutral
The film was released in 2020. The narrative follows events involving several characters.,neutral
The film was filmed in several locations. The plot follows events presented in chronological order.,neutral
"The film makes good use of its visual style, and the result is thoroughly enjoyable.",positive
"The adaptation uses its visual style without much purpose, which weakens the overall experience.",negative
"The story balances its dramatic moments well, which makes the final result particularly satisfying.",positive
"The story moves at an uneven pace, giving the movie an uneven and frustrating quality.",negative
"The director's work gives the ending enough weight, and the emotional moments feel convincing.",positive
"The comedy moves at an uneven pace, which makes the final result feel unsatisfying.",negative
"The film uses its visual style without much purpose, and the result is difficult to enjoy.",negative
"The drama was distributed in several countries. The film contains dialogue, music, and background sound.",neutral
"The story uses its visual style without much purpose, giving the movie an uneven and frustrating quality.",negative
"The director's work creates unconvincing character relationships, making the movie hard to recommend.",negative
"The thriller uses its setting effectively, and the story remains interesting throughout.",positive
"The comedy gives the performances room to stand out, which gives the movie considerable appeal.",positive
The drama was released in 1998. The cast includes actors from television and film.,neutral
"The cast uses its visual style without much purpose, leaving a disappointing impression.",negative
The film has a running time of 132 minutes. The narrative follows events involving several characters.,neutral
"The adaptation keeps the dialogue lively, leaving a lasting impression.",positive
"The drama keeps its central idea clear, and the conclusion feels well earned.",positive
"The cast uses its visual style without much purpose, leaving a disappointing impression.",negative
"The drama keeps its central idea clear, and the conclusion feels well earned.",positive
The film uses English as its primary language. The narrative follows events involving several characters.,neutral
"The film moves at an uneven pace, and the result is difficult to enjoy.",negative
"The director's work gives the ending enough weight, and the emotional moments feel convincing.",positive
"The comedy gives the performances room to stand out, which gives the movie considerable appeal.",positive
"The cast moves at an uneven pace, leaving a disappointing impression.",negative
The drama was filmed in color. The cast includes actors from television and film.,neutral
"The drama was released in 1998. The film contains dialogue, music, and background sound.",neutral
The drama was released in 1998. The story takes place in several locations.,neutral
The film is set in a large metropolitan area. The plot follows events presented in chronological order.,neutral
The film was filmed in color. The opening scene introduces the main characters.,neutral
The film uses English as its primary language. The narrative follows events involving several characters.,neutral
"The comedy maintains a consistent tone, which gives the movie considerable appeal.",positive
"The thriller makes limited use of its setting, and the story becomes increasingly difficult to follow.",negative
"The drama develops its characters carefully, and the conclusion feels well earned.",positive
"The director's work keeps the audience engaged, and the emotional moments feel convincing.",positive
"The comedy maintains a consistent tone, which gives the movie considerable appeal.",positive
The film has a running time of 126 minutes. The story includes scenes from different parts of the town.,neutral
"This movie makes limited use of its setting, and the conclusion does not feel earned.",negative
The film follows events across several days. The narrative follows events involving several characters.,neutral
"This movie creates unconvincing character relationships, and the conclusion does not feel earned.",negative
The film contains several dialogue scenes. The plot follows events presented in chronological order.,neutral
"The adaptation moves at an uneven pace, which weakens the overall experience.",negative
"The production makes limited use of its setting, and the performances do little to improve it.",negative
"The thriller creates convincing character relationships, and the story remains interesting throughout.",positive
The drama has a running time of 104 minutes. The story takes place in several locations.,neutral
The drama was adapted from a novel. The production uses a mixture of daytime and nighttime scenes.,neutral
"The story balances its dramatic moments well, which makes the final result particularly satisfying.",positive
"The production makes the main characters easy to follow, making the film easy to recommend.",positive
"The adaptation keeps the dialogue lively, leaving a lasting impression.",positive
"The thriller creates unconvincing character relationships, and the story becomes increasingly difficult to follow.",negative
"The story uses humor at appropriate moments, which makes the final result particularly satisfying.",positive
"The drama makes limited use of its setting, and the emotional moments rarely feel convincing.",negative
"The thriller creates convincing character relationships, and the story remains interesting throughout.",positive
"The adaptation moves at an uneven pace, which weakens the overall experience.",negative
"The thriller creates convincing character relationships, and the story remains interesting throughout.",positive
"The adaptation handles the central conflict with care, leaving a lasting impression.",positive
"The film makes good use of its visual style, and the result is thoroughly enjoyable.",positive
The film was released in 1998. The narrative follows events involving several characters.,neutral
"The adaptation keeps the dialogue lively, leaving a lasting impression.",positive
The drama is set in a large metropolitan area. The production uses a mixture of daytime and nighttime scenes.,neutral
The film follows events across several days. The opening scene introduces the main characters.,neutral
The film uses both indoor and outdoor locations. The plot follows events presented in chronological order.,neutral
"The story moves at an uneven pace, giving the movie an uneven and frustrating quality.",negative
The film includes scenes set in a workplace. The plot follows events presented in chronological order.,neutral
"The drama includes scenes set in a school. The film contains dialogue, music, and background sound.",neutral
"The adaptation uses its visual style without much purpose, which weakens the overall experience.",negative
"The production makes the main characters easy to follow, making the film easy to recommend.",positive
The film has a running time of 118 minutes. The narrative follows events involving several characters.,neutral
The drama was released in 2020. The production includes both indoor and outdoor scenes.,neutral
"The comedy maintains a consistent tone, which gives the movie considerable appeal.",positive
"The adaptation handles the central conflict with care, leaving a lasting impression.",positive
"The director's work keeps the audience engaged, and the emotional moments feel convincing.",positive
"The director's work keeps the audience engaged, and the emotional moments feel convincing.",positive
"The production moves naturally between its scenes, making the film easy to recommend.",positive
"The director's work keeps the audience engaged, and the emotional moments feel convincing.",positive
"The thriller creates convincing character relationships, and the story remains interesting throughout.",positive
"The story moves at an uneven pace, giving the movie an uneven and frustrating quality.",negative
The film was released in 2014. The narrative follows events involving several characters.,neutral
"The drama was released in 2005. The film contains dialogue, music, and background sound.",neutral
The film has a running time of 104 minutes. The plot follows events presented in chronological order.,neutral
"The film uses its visual style without much purpose, and the result is difficult to enjoy.",negative
"The director's work makes limited use of its setting, making the movie hard to recommend.",negative
"The drama makes limited use of its setting, and the emotional moments rarely feel convincing.",negative
The drama was released in 2017. The story takes place in several locations.,neutral
"The comedy moves at an uneven pace, which makes the final result feel unsatisfying.",negative
"The story uses its visual style without much purpose, giving the movie an uneven and frustrating quality.",negative
"The thriller creates unconvincing character relationships, and the story becomes increasingly difficult to follow.",negative
The drama follows events across several days. The production uses a mixture of daytime and nighttime scenes.,neutral
The film contains several dialogue scenes. The narrative follows events involving several characters.,neutral
"The drama makes limited use of its setting, and the emotional moments rarely feel convincing.",negative
The film has a running time of 126 minutes. The story includes scenes from different parts of the town.,neutral
"This movie turns a simple premise into an engaging story, and the performances strengthen the overall experience.",positive
"The production makes the main characters easy to follow, making the film easy to recommend.",positive
The drama was adapted from a novel. The production includes both indoor and outdoor scenes.,neutral
"The cast connects its different storylines effectively, giving the movie a confident and entertaining quality.",positive
"The drama creates unconvincing character relationships, and the emotional moments rarely feel convincing.",negative
"The cast builds its story with confidence, giving the movie a confident and entertaining quality.",positive
"This movie turns a simple premise into an engaging story, and the performances strengthen the overall experience.",positive
The film was produced by an independent studio. The opening scene introduces the main characters.,neutral
The drama was released in 2017. The production uses a mixture of daytime and nighttime scenes.,neutral
"The film maintains a strong pace, and the result is thoroughly enjoyable.",positive
"The film moves at an uneven pace, and the result is difficult to enjoy.",negative
"The comedy uses its visual style without much purpose, which makes the final result feel unsatisfying.",negative
"The production creates unconvincing character relationships, and the performances do little to improve it.",negative
"The director's work gives the ending enough weight, and the emotional moments feel convincing.",positive
"The thriller makes limited use of its setting, and the story becomes increasingly difficult to follow.",negative
"The comedy maintains a consistent tone, which gives the movie considerable appeal.",positive
"The drama was released in 2008. The film contains dialogue, music, and background sound.",neutral
"The thriller uses its setting effectively, and the story remains interesting throughout.",positive
"The film moves at an uneven pace, and the result is difficult to enjoy.",negative
"The drama makes limited use of its setting, and the emotional moments rarely feel convincing.",negative
"The comedy gives the performances room to stand out, which gives the movie considerable appeal.",positive
"The comedy moves at an uneven pace, which makes the final result feel unsatisfying.",negative
"The cast builds its story with confidence, giving the movie a confident and entertaining quality.",positive
"The story moves at an uneven pace, giving the movie an uneven and frustrating quality.",negative
The film was filmed in several locations. The credits list the principal cast members.,neutral
"The drama makes limited use of its setting, and the emotional moments rarely feel convincing.",negative
"The production makes the main characters easy to follow, making the film easy to recommend.",positive
"The comedy maintains a consistent tone, which gives the movie considerable appeal.",positive
"The adaptation uses its visual style without much purpose, which weakens the overall experience.",negative
The film was filmed in several locations. The story includes scenes from different parts of the town.,neutral
"The drama was released in 2017. The film contains dialogue, music, and background sound.",neutral
"The story uses humor at appropriate moments, which makes the final result particularly satisfying.",positive
"The cast moves at an uneven pace, leaving a disappointing impression.",negative
"The cast connects its different storylines effectively, giving the movie a confident and entertaining quality.",positive
The film has a running time of 118 minutes. The opening scene introduces the main characters.,neutral
"The adaptation keeps the dialogue lively, leaving a lasting impression.",positive
The drama was released in 1998. The production uses a mixture of daytime and nighttime scenes.,neutral
"The adaptation moves at an uneven pace, which weakens the overall experience.",negative
"This movie creates memorable scenes, and the performances strengthen the overall experience.",positive
"This movie creates unconvincing character relationships, and the conclusion does not feel earned.",negative
"The comedy uses its visual style without much purpose, which makes the final result feel unsatisfying.",negative
The drama is set in a large metropolitan area. The story takes place in several locations.,neutral
The film takes place during the winter. The story includes scenes from different parts of the town.,neutral
The drama has a running time of 104 minutes. The production uses a mixture of daytime and nighttime scenes.,neutral
"The drama has a running time of 132 minutes. The film contains dialogue, music, and background sound.",neutral
The drama covers a period of several months. The cast includes actors from television and film.,neutral
The drama uses English as its primary language. The story takes place in several locations.,neutral
"The story balances its dramatic moments well, which makes the final result particularly satisfying.",positive
"The drama has a running time of 132 minutes. The film contains dialogue, music, and background sound.",neutral
"The thriller uses its setting effectively, and the story remains interesting throughout.",positive
"The comedy gives the performances room to stand out, which gives the movie considerable appeal.",positive
"The cast connects its different storylines effectively, giving the movie a confident and entertaining quality.",positive
"The production moves naturally between its scenes, making the film easy to recommend.",positive
"The story uses its visual style without much purpose, giving the movie an uneven and frustrating quality.",negative
The film uses both indoor and outdoor locations. The credits list the principal cast members.,neutral
"The adaptation moves at an uneven pace, which weakens the overall experience.",negative
"The comedy gives the performances room to stand out, which gives the movie considerable appeal.",positive
"The drama makes limited use of its setting, and the emotional moments rarely feel convincing.",negative
"The director's work creates unconvincing character relationships, making the movie hard to recommend.",negative
"This movie creates unconvincing character relationships, and the conclusion does not feel earned.",negative
The film was filmed in several locations. The credits list the principal cast members.,neutral
"The drama develops its characters carefully, and the conclusion feels well earned.",positive
"The comedy moves at an uneven pace, which makes the final result feel unsatisfying.",negative
The film was filmed in color. The plot follows events presented in chronological order.,neutral
"The comedy maintains a consistent tone, which gives the movie considerable appeal.",positive
"The adaptation keeps the dialogue lively, leaving a lasting impression.",positive
"The comedy uses its visual style without much purpose, which makes the final result feel unsatisfying.",negative
"The comedy uses its visual style without much purpose, which makes the final result feel unsatisfying.",negative
"The director's work gives the ending enough weight, and the emotional moments feel convincing.",positive
"The adaptation keeps the dialogue lively, leaving a lasting impression.",positive
The film was released in 2001. The story includes scenes from different parts of the town.,neutral
"The comedy maintains a consistent tone, which gives the movie considerable appeal.",positive
The film has a running time of 104 minutes. The credits list the principal cast members.,neutral
"The story moves at an uneven pace, giving the movie an uneven and frustrating quality.",negative
"The story moves at an uneven pace, giving the movie an uneven and frustrating quality.",negative
The drama has a running time of 126 minutes. The production includes both indoor and outdoor scenes.,neutral
"This movie creates memorable scenes, and the performances strengthen the overall experience.",positive
"The director's work makes limited use of its setting, making the movie hard to recommend.",negative
"The drama develops its characters carefully, and the conclusion feels well earned.",positive
"The drama creates unconvincing character relationships, and the emotional moments rarely feel convincing.",negative
The film was released in 2011. The plot follows events presented in chronological order.,neutral
"The cast uses its visual style without much purpose, leaving a disappointing impression.",negative
The film takes place during the summer. The plot follows events presented in chronological order.,neutral
"The thriller makes limited use of its setting, and the story becomes increasingly difficult to follow.",negative
"The production makes limited use of its setting, and the performances do little to improve it.",negative
"The comedy maintains a consistent tone, which gives the movie considerable appeal.",positive
The film has a running time of 132 minutes. The narrative follows events involving several characters.,neutral
"The director's work gives the ending enough weight, and the emotional moments feel convincing.",positive
"The production creates unconvincing character relationships, and the performances do little to improve it.",negative
The film was released in 2005. The story includes scenes from different parts of the town.,neutral
The drama was released in 2020. The cast includes actors from television and film.,neutral
The drama takes place during the summer. The production includes both indoor and outdoor scenes.,neutral
"The film maintains a strong pace, and the result is thoroughly enjoyable.",positive
"The cast connects its different storylines effectively, giving the movie a confident and entertaining quality.",positive
"The adaptation handles the central conflict with care, leaving a lasting impression.",positive
"The adaptation keeps the dialogue lively, leaving a lasting impression.",positive
"The story moves at an uneven pace, giving the movie an uneven and frustrating quality.",negative
"The film uses its visual style without much purpose, and the result is difficult to enjoy.",negative
The drama was filmed in several locations. The production uses a mixture of daytime and nighttime scenes.,neutral
"This movie makes limited use of its setting, and the conclusion does not feel earned.",negative
"The comedy gives the performances room to stand out, which gives the movie considerable appeal.",positive
The film was released in 2011. The opening scene introduces the main characters.,neutral
The film has a running time of 132 minutes. The opening scene introduces the main characters.,neutral
"This movie turns a simple premise into an engaging story, and the performances strengthen the overall experience.",positive
"The production creates unconvincing character relationships, and the performances do little to improve it.",negative
"The adaptation keeps the dialogue lively, leaving a lasting impression.",positive
"The story uses humor at appropriate moments, which makes the final result particularly satisfying.",positive
"The director's work makes limited use of its setting, making the movie hard to recommend.",negative
"The production makes limited use of its setting, and the performances do little to improve it.",negative
"The story uses its visual style without much purpose, giving the movie an uneven and frustrating quality.",negative
The drama has a running time of 132 minutes. The production includes both indoor and outdoor scenes.,neutral
"The comedy uses its visual style without much purpose, which makes the final result feel unsatisfying.",negative
"The adaptation keeps the dialogue lively, leaving a lasting impression.",positive
The drama was released in 2014. The story takes place in several locations.,neutral
The drama contains several dialogue scenes. The story takes place in several locations.,neutral
"The cast connects its different storylines effectively, giving the movie a confident and entertaining quality.",positive
The film was released in 2017. The story includes scenes from different parts of the town.,neutral
"The adaptation moves at an uneven pace, which weakens the overall experience.",negative
The drama takes place during the summer. The production uses a mixture of daytime and nighttime scenes.,neutral
"The cast moves at an uneven pace, leaving a disappointing impression.",negative
"The production moves naturally between its scenes, making the film easy to recommend.",positive
The drama has a running time of 118 minutes. The cast includes actors from television and film.,neutral
The drama includes scenes set in a school. The production includes both indoor and outdoor scenes.,neutral
"The drama develops its characters carefully, and the conclusion feels well earned.",positive
"The director's work keeps the audience engaged, and the emotional moments feel convincing.",positive
"The adaptation handles the central conflict with care, leaving a lasting impression.",positive
"The story uses its visual style without much purpose, giving the movie an uneven and frustrating quality.",negative
"The production moves naturally between its scenes, making the film easy to recommend.",positive
"This movie creates memorable scenes, and the performances strengthen the overall experience.",positive
"The production moves naturally between its scenes, making the film easy to recommend.",positive
"The thriller uses its setting effectively, and the story remains interesting throughout.",positive
The film features a cast of six principal actors. The story includes scenes from different parts of the town.,neutral
"The comedy moves at an uneven pace, which makes the final result feel unsatisfying.",negative
"The production makes the main characters easy to follow, making the film easy to recommend.",positive
"The thriller creates convincing character relationships, and the story remains interesting throughout.",positive
The drama uses both indoor and outdoor locations. The production uses a mixture of daytime and nighttime scenes.,neutral
"This movie makes limited use of its setting, and the conclusion does not feel earned.",negative
"The comedy maintains a consistent tone, which gives the movie considerable appeal.",positive
"The adaptation handles the central conflict with care, leaving a lasting impression.",positive
The film contains several dialogue scenes. The story includes scenes from different parts of the town.,neutral
The film was released in 2005. The narrative follows events involving several characters.,neutral
The film has a running time of 104 minutes. The narrative follows events involving several characters.,neutral
The drama includes scenes set in a workplace. The production includes both indoor and outdoor scenes.,neutral
The drama is set in a small coastal town. The production includes both indoor and outdoor scenes.,neutral
The drama covers a period of several months. The story takes place in several locations.,neutral
"The film moves at an uneven pace, and the result is difficult to enjoy.",negative
The drama was distributed in several countries. The production includes both indoor and outdoor scenes.,neutral
"The film maintains a strong pace, and the result is thoroughly enjoyable.",positive
"The comedy maintains a consistent tone, which gives the movie considerable appeal.",positive
The drama was released in 2014. The production uses a mixture of daytime and nighttime scenes.,neutral
The film uses English as its primary language. The narrative follows events involving several characters.,neutral
"The thriller creates unconvincing character relationships, and the story becomes increasingly difficult to follow.",negative
The film has a running time of 126 minutes. The plot follows events presented in chronological order.,neutral
The film was filmed in color. The story includes scenes from different parts of the town.,neutral
"The adaptation uses its visual style without much purpose, which weakens the overall experience.",negative
"The comedy gives the performances room to stand out, which gives the movie considerable appeal.",positive
"The director's work keeps the audience engaged, and the emotional moments feel convincing.",positive
"The story moves at an uneven pace, giving the movie an uneven and frustrating quality.",negative
The drama has a running time of 126 minutes. The production includes both indoor and outdoor scenes.,neutral
"The cast moves at an uneven pace, leaving a disappointing impression.",negative
The drama was released in 2008. The production includes both indoor and outdoor scenes.,neutral
"The drama covers a period of several months. The film contains dialogue, music, and background sound.",neutral
"The production creates unconvincing character relationships, and the performances do little to improve it.",negative
"The comedy uses its visual style without much purpose, which makes the final result feel unsatisfying.",negative
"The production moves naturally between its scenes, making the film easy to recommend.",positive
"The director's work gives the ending enough weight, and the emotional moments feel convincing.",positive
"The drama makes limited use of its setting, and the emotional moments rarely feel convincing.",negative
"The comedy moves at an uneven pace, which makes the final result feel unsatisfying.",negative
"This movie turns a simple premise into an engaging story, and the performances strengthen the overall experience.",positive
The film follows events across several days. The story includes scenes from different parts of the town.,neutral
The film was released in 2014. The credits list the principal cast members.,neutral
The drama is set in a large metropolitan area. The production uses a mixture of daytime and nighttime scenes.,neutral
"The film uses its visual style without much purpose, and the result is difficult to enjoy.",negative
"The film makes good use of its visual style, and the result is thoroughly enjoyable.",positive
"The drama creates unconvincing character relationships, and the emotional moments rarely feel convincing.",negative
"This movie makes limited use of its setting, and the conclusion does not feel earned.",negative
"The cast connects its different storylines effectively, giving the movie a confident and entertaining quality.",positive
"The cast connects its different storylines effectively, giving the movie a confident and entertaining quality.",positive
"The comedy moves at an uneven pace, which makes the final result feel unsatisfying.",negative
"The drama keeps its central idea clear, and the conclusion feels well earned.",positive
"The comedy gives the performances room to stand out, which gives the movie considerable appeal.",positive
"The cast moves at an uneven pace, leaving a disappointing impression.",negative
"The adaptation handles the central conflict with care, leaving a lasting impression.",positive
"The drama develops its characters carefully, and the conclusion feels well earned.",positive
The drama was adapted from a novel. The story takes place in several locations.,neutral
"The director's work makes limited use of its setting, making the movie hard to recommend.",negative
"The story uses its visual style without much purpose, giving the movie an uneven and frustrating quality.",negative
"This movie turns a simple premise into an engaging story, and the performances strengthen the overall experience.",positive
"The production makes limited use of its setting, and the performances do little to improve it.",negative
"The cast uses its visual style without much purpose, leaving a disappointing impression.",negative
"The director's work keeps the audience engaged, and the emotional moments feel convincing.",positive
"The adaptation moves at an uneven pace, which weakens the overall experience.",negative
The drama was released in 2017. The production uses a mixture of daytime and nighttime scenes.,neutral
"The production moves naturally between its scenes, making the film easy to recommend.",positive
The film was distributed in several countries. The opening scene introduces the main characters.,neutral
"The thriller creates unconvincing character relationships, and the story becomes increasingly difficult to follow.",negative
"This movie turns a simple premise into an engaging story, and the performances strengthen the overall experience.",positive
"The cast builds its story with confidence, giving the movie a confident and entertaining quality.",positive
"The drama develops its characters carefully, and the conclusion feels well earned.",positive
"The production moves naturally between its scenes, making the film easy to recommend.",positive
The film includes scenes set in a school. The narrative follows events involving several characters.,neutral
"The story balances its dramatic moments well, which makes the final result particularly satisfying.",positive
"This movie makes limited use of its setting, and the conclusion does not feel earned.",negative
"The story balances its dramatic moments well, which makes the final result particularly satisfying.",positive
"The production makes the main characters easy to follow, making the film easy to recommend.",positive
"The production makes limited use of its setting, and the performances do little to improve it.",negative
"The drama creates unconvincing character relationships, and the emotional moments rarely feel convincing.",negative
"The director's work keeps the audience engaged, and the emotional moments feel convincing.",positive
"This movie makes limited use of its setting, and the conclusion does not feel earned.",negative
The drama was released in 1998. The cast includes actors from television and film.,neutral
"The comedy uses its visual style without much purpose, which makes the final result feel unsatisfying.",negative
"The cast connects its different storylines effectively, giving the movie a confident and entertaining quality.",positive
"The drama was produced by an independent studio. The film contains dialogue, music, and background sound.",neutral
"The drama makes limited use of its setting, and the emotional moments rarely feel convincing.",negative
"The drama was produced by an independent studio. The film contains dialogue, music, and background sound.",neutral
"The drama keeps its central idea clear, and the conclusion feels well earned.",positive
"The story uses its visual style without much purpose, giving the movie an uneven and frustrating quality.",negative
"This movie makes limited use of its setting, and the conclusion does not feel earned.",negative
The drama has a running time of 132 minutes. The cast includes actors from television and film.,neutral
The drama includes scenes set in a school. The production uses a mixture of daytime and nighttime scenes.,neutral
The drama was produced by an independent studio. The production includes both indoor and outdoor scenes.,neutral
The film is set in a small coastal town. The credits list the principal cast members.,neutral
"This movie creates unconvincing character relationships, and the conclusion does not feel earned.",negative
"The adaptation uses its visual style without much purpose, which weakens the overall experience.",negative
"The thriller creates convincing character relationships, and the story remains interesting throughout.",positive
"The adaptation handles the central conflict with care, leaving a lasting impression.",positive
"The film moves at an uneven pace, and the result is difficult to enjoy.",negative
"The story balances its dramatic moments well, which makes the final result particularly satisfying.",positive
"The cast connects its different storylines effectively, giving the movie a confident and entertaining quality.",positive
"The drama keeps its central idea clear, and the conclusion feels well earned.",positive
"The story uses its visual style without much purpose, giving the movie an uneven and frustrating quality.",negative
"The cast uses its visual style without much purpose, leaving a disappointing impression.",negative
The drama has a running time of 118 minutes. The production includes both indoor and outdoor scenes.,neutral
The drama was released in 2008. The cast includes actors from television and film.,neutral
"The production makes limited use of its setting, and the performances do little to improve it.",negative
The film includes scenes set in a workplace. The plot follows events presented in chronological order.,neutral
The film has a running time of 118 minutes. The opening scene introduces the main characters.,neutral
"The comedy maintains a consistent tone, which gives the movie considerable appeal.",positive
"The story moves at an uneven pace, giving the movie an uneven and frustrating quality.",negative
"The story balances its dramatic moments well, which makes the final result particularly satisfying.",positive
"The story moves at an uneven pace, giving the movie an uneven and frustrating quality.",negative
"The drama uses English as its primary language. The film contains dialogue, music, and background sound.",neutral
"The drama was released in 1998. The film contains dialogue, music, and background sound.",neutral
"The story uses its visual style without much purpose, giving the movie an uneven and frustrating quality.",negative
The drama features a cast of six principal actors. The story takes place in several locations.,neutral
"This movie creates memorable scenes, and the performances strengthen the overall experience.",positive
The drama is set in a large metropolitan area. The story takes place in several locations.,neutral
"The production makes limited use of its setting, and the performances do little to improve it.",negative
The drama was released in 2005. The production uses a mixture of daytime and nighttime scenes.,neutral
The drama has a running time of 118 minutes. The production includes both indoor and outdoor scenes.,neutral
"The production creates unconvincing character relationships, and the performances do little to improve it.",negative
"The story uses humor at appropriate moments, which makes the final result particularly satisfying.",positive
"The thriller uses its setting effectively, and the story remains interesting throughout.",positive
The film uses both indoor and outdoor locations. The story includes scenes from different parts of the town.,neutral
"The comedy maintains a consistent tone, which gives the movie considerable appeal.",positive
"The production creates unconvincing character relationships, and the performances do little to improve it.",negative
The drama was released in 2020. The story takes place in several locations.,neutral
"The thriller uses its setting effectively, and the story remains interesting throughout.",positive
The film was released in 2020. The opening scene introduces the main characters.,neutral
"The drama covers a period of several months. The film contains dialogue, music, and background sound.",neutral
The film includes scenes set in a school. The credits list the principal cast members.,neutral
The film was released in 2014. The credits list the principal cast members.,neutral
"The comedy uses its visual style without much purpose, which makes the final result feel unsatisfying.",negative
The drama uses both indoor and outdoor locations. The cast includes actors from television and film.,neutral
"The drama makes limited use of its setting, and the emotional moments rarely feel convincing.",negative
"The film uses its visual style without much purpose, and the result is difficult to enjoy.",negative
The drama was released in 1998. The story takes place in several locations.,neutral
"The production makes the main characters easy to follow, making the film easy to recommend.",positive
"The cast moves at an uneven pace, leaving a disappointing impression.",negative
The film was distributed in several countries. The story includes scenes from different parts of the town.,neutral
"The director's work gives the ending enough weight, and the emotional moments feel convincing.",positive
"This movie creates unconvincing character relationships, and the conclusion does not feel earned.",negative
"This movie creates memorable scenes, and the performances strengthen the overall experience.",positive
The film is set in a small coastal town. The opening scene introduces the main characters.,neutral
The film uses both indoor and outdoor locations. The story includes scenes from different parts of the town.,neutral
"The production moves naturally between its scenes, making the film easy to recommend.",positive
"The director's work creates unconvincing character relationships, making the movie hard to recommend.",negative
"The comedy uses its visual style without much purpose, which makes the final result feel unsatisfying.",negative
"The story uses its visual style without much purpose, giving the movie an uneven and frustrating quality.",negative
"The director's work creates unconvincing character relationships, making the movie hard to recommend.",negative
The film was filmed in color. The opening scene introduces the main characters.,neutral
"The thriller creates convincing character relationships, and the story remains interesting throughout.",positive
"The production makes the main characters easy to follow, making the film easy to recommend.",positive
The drama uses both indoor and outdoor locations. The story takes place in several locations.,neutral
"The drama was released in 2020. The film contains dialogue, music, and background sound.",neutral
"The cast connects its different storylines effectively, giving the movie a confident and entertaining quality.",positive
"This movie creates memorable scenes, and the performances strengthen the overall experience.",positive
"The thriller creates convincing character relationships, and the story remains interesting throughout.",positive
"The drama keeps its central idea clear, and the conclusion feels well earned.",positive
"The adaptation moves at an uneven pace, which weakens the overall experience.",negative
The film was produced by an independent studio. The opening scene introduces the main characters.,neutral
"The production moves naturally between its scenes, making the film easy to recommend.",positive
"The film moves at an uneven pace, and the result is difficult to enjoy.",negative
The drama contains several dialogue scenes. The production includes both indoor and outdoor scenes.,neutral
"The director's work makes limited use of its setting, making the movie hard to recommend.",negative
The drama follows events across several days. The story takes place in several locations.,neutral
"The cast connects its different storylines effectively, giving the movie a confident and entertaining quality.",positive
"The production moves naturally between its scenes, making the film easy to recommend.",positive
"The film maintains a strong pace, and the result is thoroughly enjoyable.",positive
"The drama develops its characters carefully, and the conclusion feels well earned.",positive
"The adaptation moves at an uneven pace, which weakens the overall experience.",negative
"The story moves at an uneven pace, giving the movie an uneven and frustrating quality.",negative
"The story balances its dramatic moments well, which makes the final result particularly satisfying.",positive
"The film moves at an uneven pace, and the result is difficult to enjoy.",negative
"The comedy maintains a consistent tone, which gives the movie considerable appeal.",positive
The film was released in 2020. The plot follows events presented in chronological order.,neutral
"This movie creates memorable scenes, and the performances strengthen the overall experience.",positive
"The adaptation handles the central conflict with care, leaving a lasting impression.",positive
"The drama was released in 2017. The film contains dialogue, music, and background sound.",neutral
"The comedy uses its visual style without much purpose, which makes the final result feel unsatisfying.",negative
"The production creates unconvincing character relationships, and the performances do little to improve it.",negative
"The drama creates unconvincing character relationships, and the emotional moments rarely feel convincing.",negative
"The story uses its visual style without much purpose, giving the movie an uneven and frustrating quality.",negative
The film has a running time of 118 minutes. The plot follows events presented in chronological order.,neutral
"The story uses its visual style without much purpose, giving the movie an uneven and frustrating quality.",negative
The film has a running time of 126 minutes. The plot follows events presented in chronological order.,neutral
The film follows events across several days. The credits list the principal cast members.,neutral
"The story uses humor at appropriate moments, which makes the final result particularly satisfying.",positive
The film features a cast of six principal actors. The opening scene introduces the main characters.,neutral
The drama contains several dialogue scenes. The production uses a mixture of daytime and nighttime scenes.,neutral
"The adaptation moves at an uneven pace, which weakens the overall experience.",negative
"The drama features a cast of six principal actors. The film contains dialogue, music, and background sound.",neutral
"The adaptation keeps the dialogue lively, leaving a lasting impression.",positive
"The cast connects its different storylines effectively, giving the movie a confident and entertaining quality.",positive
"This movie creates memorable scenes, and the performances strengthen the overall experience.",positive
"The drama was released in 2017. The film contains dialogue, music, and background sound.",neutral
"The cast uses its visual style without much purpose, leaving a disappointing impression.",negative
The drama has a running time of 104 minutes. The production includes both indoor and outdoor scenes.,neutral
"The drama takes place during the summer. The film contains dialogue, music, and background sound.",neutral
"This movie creates memorable scenes, and the performances strengthen the overall experience.",positive
"The cast uses its visual style without much purpose, leaving a disappointing impression.",negative
"The thriller uses its setting effectively, and the story remains interesting throughout.",positive
"The thriller makes limited use of its setting, and the story becomes increasingly difficult to follow.",negative
The film was released in 1998. The story includes scenes from different parts of the town.,neutral
The film was released in 2005. The narrative follows events involving several characters.,neutral
"The film moves at an uneven pace, and the result is difficult to enjoy.",negative
"The comedy uses its visual style without much purpose, which makes the final result feel unsatisfying.",negative
The film was released in 2017. The opening scene introduces the main characters.,neutral
"The film moves at an uneven pace, and the result is difficult to enjoy.",negative
The drama has a running time of 126 minutes. The cast includes actors from television and film.,neutral
"The film makes good use of its visual style, and the result is thoroughly enjoyable.",positive
"The comedy gives the performances room to stand out, which gives the movie considerable appeal.",positive
"The comedy gives the performances room to stand out, which gives the movie considerable appeal.",positive
"The production creates unconvincing character relationships, and the performances do little to improve it.",negative
The drama has a running time of 104 minutes. The production includes both indoor and outdoor scenes.,neutral
"The director's work makes limited use of its setting, making the movie hard to recommend.",negative
"The director's work creates unconvincing character relationships, making the movie hard to recommend.",negative
"The drama makes limited use of its setting, and the emotional moments rarely feel convincing.",negative
The film uses English as its primary language. The plot follows events presented in chronological order.,neutral
The film was filmed in color. The opening scene introduces the main characters.,neutral
"The director's work keeps the audience engaged, and the emotional moments feel convincing.",positive
"The adaptation uses its visual style without much purpose, which weakens the overall experience.",negative
The film takes place during the summer. The story includes scenes from different parts of the town.,neutral
"The adaptation keeps the dialogue lively, leaving a lasting impression.",positive
"The comedy uses its visual style without much purpose, which makes the final result feel unsatisfying.",negative
The film was released in 2011. The opening scene introduces the main characters.,neutral
"The cast builds its story with confidence, giving the movie a confident and entertaining quality.",positive
"This movie creates unconvincing character relationships, and the conclusion does not feel earned.",negative
The drama was released in 2011. The production uses a mixture of daytime and nighttime scenes.,neutral
"The director's work keeps the audience engaged, and the emotional moments feel convincing.",positive
The drama was released in 2011. The cast includes actors from television and film.,neutral
"The production makes the main characters easy to follow, making the film easy to recommend.",positive
"The film maintains a strong pace, and the result is thoroughly enjoyable.",positive
The film was released in 2008. The story includes scenes from different parts of the town.,neutral
The film contains several dialogue scenes. The narrative follows events involving several characters.,neutral
The film was filmed in several locations. The narrative follows events involving several characters.,neutral
"The story uses humor at appropriate moments, which makes the final result particularly satisfying.",positive
The film was released in 2014. The plot follows events presented in chronological order.,neutral
"The drama develops its characters carefully, and the conclusion feels well earned.",positive
"The cast uses its visual style without much purpose, leaving a disappointing impression.",negative
The film was released in 1998. The opening scene introduces the main characters.,neutral
The drama was distributed in several countries. The story takes place in several locations.,neutral
"The adaptation uses its visual style without much purpose, which weakens the overall experience.",negative
The film has a running time of 126 minutes. The plot follows events presented in chronological order.,neutral
The drama has a running time of 132 minutes. The production uses a mixture of daytime and nighttime scenes.,neutral
"The production makes limited use of its setting, and the performances do little to improve it.",negative
"The adaptation uses its visual style without much purpose, which weakens the overall experience.",negative
"The film makes good use of its visual style, and the result is thoroughly enjoyable.",positive
"The drama creates unconvincing character relationships, and the emotional moments rarely feel convincing.",negative
"This movie turns a simple premise into an engaging story, and the performances strengthen the overall experience.",positive
The drama follows events across several days. The story takes place in several locations.,neutral
"The drama follows events across several days. The film contains dialogue, music, and background sound.",neutral
The drama has a running time of 132 minutes. The story takes place in several locations.,neutral
The film is set in a small coastal town. The plot follows events presented in chronological order.,neutral
The drama has a running time of 118 minutes. The production includes both indoor and outdoor scenes.,neutral
"The cast moves at an uneven pace, leaving a disappointing impression.",negative
"The production makes limited use of its setting, and the performances do little to improve it.",negative
The film is set in a large metropolitan area. The narrative follows events involving several characters.,neutral
"The director's work gives the ending enough weight, and the emotional moments feel convincing.",positive
"The comedy gives the performances room to stand out, which gives the movie considerable appeal.",positive
"The adaptation moves at an uneven pace, which weakens the overall experience.",negative
"This movie creates memorable scenes, and the performances strengthen the overall experience.",positive
"The director's work makes limited use of its setting, making the movie hard to recommend.",negative
"The adaptation uses its visual style without much purpose, which weakens the overall experience.",negative
The film features a cast of six principal actors. The credits list the principal cast members.,neutral
"The production moves naturally between its scenes, making the film easy to recommend.",positive
The film features a cast of six principal actors. The story includes scenes from different parts of the town.,neutral
The drama has a running time of 118 minutes. The cast includes actors from television and film.,neutral
The film was distributed in several countries. The credits list the principal cast members.,neutral
"The production moves naturally between its scenes, making the film easy to recommend.",positive
"The comedy gives the performances room to stand out, which gives the movie considerable appeal.",positive
The film was released in 2020. The plot follows events presented in chronological order.,neutral
"This movie makes limited use of its setting, and the conclusion does not feel earned.",negative
The film contains several dialogue scenes. The story includes scenes from different parts of the town.,neutral
The drama is set in a large metropolitan area. The production uses a mixture of daytime and nighttime scenes.,neutral
The drama was distributed in several countries. The production includes both indoor and outdoor scenes.,neutral
"The story uses its visual style without much purpose, giving the movie an uneven and frustrating quality.",negative
"The film maintains a strong pace, and the result is thoroughly enjoyable.",positive
"The comedy moves at an uneven pace, which makes the final result feel unsatisfying.",negative
The drama was distributed in several countries. The story takes place in several locations.,neutral
The drama was released in 2001. The production includes both indoor and outdoor scenes.,neutral
The drama takes place during the winter. The cast includes actors from television and film.,neutral
"The production creates unconvincing character relationships, and the performances do little to improve it.",negative
"The cast uses its visual style without much purpose, leaving a disappointing impression.",negative
"The thriller creates convincing character relationships, and the story remains interesting throughout.",positive
"The film makes good use of its visual style, and the result is thoroughly enjoyable.",positive
"The cast builds its story with confidence, giving the movie a confident and entertaining quality.",positive
"This movie creates memorable scenes, and the performances strengthen the overall experience.",positive
"The thriller creates convincing character relationships, and the story remains interesting throughout.",positive
"The film uses its visual style without much purpose, and the result is difficult to enjoy.",negative
The film was released in 2001. The credits list the principal cast members.,neutral
The film follows events across several days. The plot follows events presented in chronological order.,neutral
"The production makes limited use of its setting, and the performances do little to improve it.",negative
"This movie creates memorable scenes, and the performances strengthen the overall experience.",positive
"This movie creates unconvincing character relationships, and the conclusion does not feel earned.",negative
The film was adapted from a novel. The narrative follows events involving several characters.,neutral
"The film uses its visual style without much purpose, and the result is difficult to enjoy.",negative
"The drama develops its characters carefully, and the conclusion feels well earned.",positive
"The adaptation uses its visual style without much purpose, which weakens the overall experience.",negative
"This movie makes limited use of its setting, and the conclusion does not feel earned.",negative
"The story uses humor at appropriate moments, which makes the final result particularly satisfying.",positive
"The drama was released in 2014. The film contains dialogue, music, and background sound.",neutral
"The cast uses its visual style without much purpose, leaving a disappointing impression.",negative
"The drama makes limited use of its setting, and the emotional moments rarely feel convincing.",negative
"The drama includes scenes set in a workplace. The film contains dialogue, music, and background sound.",neutral
"The cast builds its story with confidence, giving the movie a confident and entertaining quality.",positive
"The comedy moves at an uneven pace, which makes the final result feel unsatisfying.",negative
The film was released in 2014. The narrative follows events involving several characters.,neutral
"The thriller uses its setting effectively, and the story remains interesting throughout.",positive
The drama includes scenes set in a school. The production uses a mixture of daytime and nighttime scenes.,neutral
The film has a running time of 118 minutes. The story includes scenes from different parts of the town.,neutral
"The adaptation moves at an uneven pace, which weakens the overall experience.",negative
"The director's work keeps the audience engaged, and the emotional moments feel convincing.",positive
The film was released in 2017. The credits list the principal cast members.,neutral
"The cast builds its story with confidence, giving the movie a confident and entertaining quality.",positive
The film was released in 2001. The narrative follows events involving several characters.,neutral
The film follows events across several days. The opening scene introduces the main characters.,neutral
"The story moves at an uneven pace, giving the movie an uneven and frustrating quality.",negative
"The adaptation moves at an uneven pace, which weakens the overall experience.",negative
"The thriller creates convincing character relationships, and the story remains interesting throughout.",positive
"The drama makes limited use of its setting, and the emotional moments rarely feel convincing.",negative
"The production makes the main characters easy to follow, making the film easy to recommend.",positive
"The comedy uses its visual style without much purpose, which makes the final result feel unsatisfying.",negative
The film was released in 2008. The opening scene introduces the main characters.,neutral
The film takes place during the winter. The plot follows events presented in chronological order.,neutral
"The thriller makes limited use of its setting, and the story becomes increasingly difficult to follow.",negative
"The comedy maintains a consistent tone, which gives the movie considerable appeal.",positive
The film was released in 2001. The plot follows events presented in chronological order.,neutral
"The production creates unconvincing character relationships, and the performances do little to improve it.",negative
"The cast connects its different storylines effectively, giving the movie a confident and entertaining quality.",positive
"The cast builds its story with confidence, giving the movie a confident and entertaining quality.",positive
"The thriller uses its setting effectively, and the story remains interesting throughout.",positive
"The cast moves at an uneven pace, leaving a disappointing impression.",negative
"The thriller creates unconvincing character relationships, and the story becomes increasingly difficult to follow.",negative
"The film makes good use of its visual style, and the result is thoroughly enjoyable.",positive
"This movie makes limited use of its setting, and the conclusion does not feel earned.",negative
"The production makes the main characters easy to follow, making the film easy to recommend.",positive
"The production creates unconvincing character relationships, and the performances do little to improve it.",negative
"The thriller creates unconvincing character relationships, and the story becomes increasingly difficult to follow.",negative
"The film makes good use of its visual style, and the result is thoroughly enjoyable.",positive
"The drama creates unconvincing character relationships, and the emotional moments rarely feel convincing.",negative
"The cast connects its different storylines effectively, giving the movie a confident and entertaining quality.",positive
"The drama makes limited use of its setting, and the emotional moments rarely feel convincing.",negative
"The story uses its visual style without much purpose, giving the movie an uneven and frustrating quality.",negative
"This movie turns a simple premise into an engaging story, and the performances strengthen the overall experience.",positive
The drama takes place during the summer. The story takes place in several locations.,neutral
"The film makes good use of its visual style, and the result is thoroughly enjoyable.",positive
"The director's work makes limited use of its setting, making the movie hard to recommend.",negative
The drama has a running time of 118 minutes. The cast includes actors from television and film.,neutral
The film features a cast of six principal actors. The plot follows events presented in chronological order.,neutral
The film was filmed in several locations. The plot follows events presented in chronological order.,neutral
The film features a cast of six principal actors. The plot follows events presented in chronological order.,neutral
"The director's work creates unconvincing character relationships, making the movie hard to recommend.",negative
"The director's work makes limited use of its setting, making the movie hard to recommend.",negative
The film was produced by an independent studio. The plot follows events presented in chronological order.,neutral
The film was released in 1998. The narrative follows events involving several characters.,neutral
"The comedy maintains a consistent tone, which gives the movie considerable appeal.",positive
"The drama develops its characters carefully, and the conclusion feels well earned.",positive
The film was adapted from a novel. The plot follows events presented in chronological order.,neutral
"The cast builds its story with confidence, giving the movie a confident and entertaining quality.",positive
"The cast uses its visual style without much purpose, leaving a disappointing impression.",negative
The drama takes place during the winter. The cast includes actors from television and film.,neutral
The drama includes scenes set in a workplace. The production includes both indoor and outdoor scenes.,neutral
The drama was released in 1998. The production uses a mixture of daytime and nighttime scenes.,neutral
"The adaptation handles the central conflict with care, leaving a lasting impression.",positive
"The director's work creates unconvincing character relationships, making the movie hard to recommend.",negative
The film has a running time of 104 minutes. The plot follows events presented in chronological order.,neutral
"The story balances its dramatic moments well, which makes the final result particularly satisfying.",positive
"The director's work keeps the audience engaged, and the emotional moments feel convincing.",positive
The drama takes place during the summer. The production uses a mixture of daytime and nighttime scenes.,neutral
The film was released in 2017. The narrative follows events involving several characters.,neutral
"The drama makes limited use of its setting, and the emotional moments rarely feel convincing.",negative
"The comedy uses its visual style without much purpose, which makes the final result feel unsatisfying.",negative
The drama has a running time of 104 minutes. The production uses a mixture of daytime and nighttime scenes.,neutral
"The comedy gives the performances room to stand out, which gives the movie considerable appeal.",positive
The film takes place during the summer. The opening scene introduces the main characters.,neutral
"The cast builds its story with confidence, giving the movie a confident and entertaining quality.",positive
"The adaptation moves at an uneven pace, which weakens the overall experience.",negative
"The comedy moves at an uneven pace, which makes the final result feel unsatisfying.",negative
The film was filmed in several locations. The story includes scenes from different parts of the town.,neutral
"The drama creates unconvincing character relationships, and the emotional moments rarely feel convincing.",negative
The drama includes scenes set in a workplace. The production uses a mixture of daytime and nighttime scenes.,neutral
"The adaptation handles the central conflict with care, leaving a lasting impression.",positive
"The film makes good use of its visual style, and the result is thoroughly enjoyable.",positive
"The cast connects its different storylines effectively, giving the movie a confident and entertaining quality.",positive
"The director's work makes limited use of its setting, making the movie hard to recommend.",negative
"The thriller uses its setting effectively, and the story remains interesting throughout.",positive
"The cast moves at an uneven pace, leaving a disappointing impression.",negative
"The thriller creates unconvincing character relationships, and the story becomes increasingly difficult to follow.",negative
"The production makes limited use of its setting, and the performances do little to improve it.",negative
"The comedy maintains a consistent tone, which gives the movie considerable appeal.",positive
"The story balances its dramatic moments well, which makes the final result particularly satisfying.",positive
"The comedy gives the performances room to stand out, which gives the movie considerable appeal.",positive
"The production creates unconvincing character relationships, and the performances do little to improve it.",negative
The film was adapted from a novel. The credits list the principal cast members.,neutral
"The production makes the main characters easy to follow, making the film easy to recommend.",positive
The film was released in 2017. The credits list the principal cast members.,neutral
"This movie creates unconvincing character relationships, and the conclusion does not feel earned.",negative
"The comedy moves at an uneven pace, which makes the final result feel unsatisfying.",negative
"The director's work keeps the audience engaged, and the emotional moments feel convincing.",positive
"The thriller creates convincing character relationships, and the story remains interesting throughout.",positive
The film was released in 2008. The opening scene introduces the main characters.,neutral
"The story uses humor at appropriate moments, which makes the final result particularly satisfying.",positive
The drama has a running time of 118 minutes. The production includes both indoor and outdoor scenes.,neutral
The drama was released in 2005. The story takes place in several locations.,neutral
"The adaptation uses its visual style without much purpose, which weakens the overall experience.",negative
"The drama makes limited use of its setting, and the emotional moments rarely feel convincing.",negative
The film contains several dialogue scenes. The narrative follows events involving several characters.,neutral
"This movie creates unconvincing character relationships, and the conclusion does not feel earned.",negative
"The story balances its dramatic moments well, which makes the final result particularly satisfying.",positive
The drama was released in 2011. The production uses a mixture of daytime and nighttime scenes.,neutral
"The adaptation handles the central conflict with care, leaving a lasting impression.",positive
The film was released in 2014. The plot follows events presented in chronological order.,neutral
"This movie creates unconvincing character relationships, and the conclusion does not feel earned.",negative
The drama was released in 2008. The cast includes actors from television and film.,neutral
"The adaptation keeps the dialogue lively, leaving a lasting impression.",positive
"The drama creates unconvincing character relationships, and the emotional moments rarely feel convincing.",negative
"This movie turns a simple premise into an engaging story, and the performances strengthen the overall experience.",positive
"The film moves at an uneven pace, and the result is difficult to enjoy.",negative
The drama was released in 2014. The story takes place in several locations.,neutral
The film is set in a small coastal town. The opening scene introduces the main characters.,neutral
"The thriller makes limited use of its setting, and the story becomes increasingly difficult to follow.",negative
"The cast builds its story with confidence, giving the movie a confident and entertaining quality.",positive
"The cast builds its story with confidence, giving the movie a confident and entertaining quality.",positive
The drama was released in 2017. The story takes place in several locations.,neutral
"The adaptation uses its visual style without much purpose, which weakens the overall experience.",negative
"The production moves naturally between its scenes, making the film easy to recommend.",positive
"The thriller creates convincing character relationships, and the story remains interesting throughout.",positive
"The thriller makes limited use of its setting, and the story becomes increasingly difficult to follow.",negative
"This movie makes limited use of its setting, and the conclusion does not feel earned.",negative
The film includes scenes set in a school. The plot follows events presented in chronological order.,neutral
"The thriller uses its setting effectively, and the story remains interesting throughout.",positive
"The film makes good use of its visual style, and the result is thoroughly enjoyable.",positive
"The thriller creates unconvincing character relationships, and the story becomes increasingly difficult to follow.",negative
"The cast connects its different storylines effectively, giving the movie a confident and entertaining quality.",positive
The drama was produced by an independent studio. The story takes place in several locations.,neutral
The film uses English as its primary language. The credits list the principal cast members.,neutral
"The comedy uses its visual style without much purpose, which makes the final result feel unsatisfying.",negative
"The production makes limited use of its setting, and the performances do little to improve it.",negative
"The thriller creates convincing character relationships, and the story remains interesting throughout.",positive
"The production creates unconvincing character relationships, and the performances do little to improve it.",negative
"The story uses humor at appropriate moments, which makes the final result particularly satisfying.",positive
"The film makes good use of its visual style, and the result is thoroughly enjoyable.",positive
The drama uses both indoor and outdoor locations. The production includes both indoor and outdoor scenes.,neutral
The film was released in 2005. The story includes scenes from different parts of the town.,neutral
The film was filmed in color. The narrative follows events involving several characters.,neutral
"The drama was adapted from a novel. The film contains dialogue, music, and background sound.",neutral
"The film moves at an uneven pace, and the result is difficult to enjoy.",negative
"The thriller creates unconvincing character relationships, and the story becomes increasingly difficult to follow.",negative
"The drama was distributed in several countries. The film contains dialogue, music, and background sound.",neutral
The film was released in 2008. The credits list the principal cast members.,neutral
"The film maintains a strong pace, and the result is thoroughly enjoyable.",positive
"The thriller uses its setting effectively, and the story remains interesting throughout.",positive
The film has a running time of 104 minutes. The story includes scenes from different parts of the town.,neutral
"The drama is set in a large metropolitan area. The film contains dialogue, music, and background sound.",neutral
"The film makes good use of its visual style, and the result is thoroughly enjoyable.",positive
The drama takes place during the winter. The story takes place in several locations.,neutral
"The thriller makes limited use of its setting, and the story becomes increasingly difficult to follow.",negative
"The cast uses its visual style without much purpose, leaving a disappointing impression.",negative
The drama features a cast of six principal actors. The story takes place in several locations.,neutral
"The thriller makes limited use of its setting, and the story becomes increasingly difficult to follow.",negative
"The drama makes limited use of its setting, and the emotional moments rarely feel convincing.",negative
"The thriller creates convincing character relationships, and the story remains interesting throughout.",positive
"The director's work creates unconvincing character relationships, making the movie hard to recommend.",negative
"This movie creates memorable scenes, and the performances strengthen the overall experience.",positive
"The cast uses its visual style without much purpose, leaving a disappointing impression.",negative
"The drama keeps its central idea clear, and the conclusion feels well earned.",positive
"The thriller makes limited use of its setting, and the story becomes increasingly difficult to follow.",negative
The film is set in a large metropolitan area. The narrative follows events involving several characters.,neutral
The film has a running time of 132 minutes. The plot follows events presented in chronological order.,neutral
The drama was released in 2005. The production uses a mixture of daytime and nighttime scenes.,neutral
"The adaptation moves at an uneven pace, which weakens the overall experience.",negative
"The drama was filmed in several locations. The film contains dialogue, music, and background sound.",neutral
"The film maintains a strong pace, and the result is thoroughly enjoyable.",positive
The drama was released in 1998. The story takes place in several locations.,neutral
"The film maintains a strong pace, and the result is thoroughly enjoyable.",positive
The film was released in 2011. The opening scene introduces the main characters.,neutral
"The film uses its visual style without much purpose, and the result is difficult to enjoy.",negative
"The director's work gives the ending enough weight, and the emotional moments feel convincing.",positive
"The film uses its visual style without much purpose, and the result is difficult to enjoy.",negative
The film takes place during the summer. The plot follows events presented in chronological order.,neutral
"The story balances its dramatic moments well, which makes the final result particularly satisfying.",positive
The drama takes place during the summer. The story takes place in several locations.,neutral
"The thriller uses its setting effectively, and the story remains interesting throughout.",positive
"The film maintains a strong pace, and the result is thoroughly enjoyable.",positive
"The production makes the main characters easy to follow, making the film easy to recommend.",positive
The drama was released in 2011. The story takes place in several locations.,neutral
The drama has a running time of 132 minutes. The production includes both indoor and outdoor scenes.,neutral
"The director's work creates unconvincing character relationships, making the movie hard to recommend.",negative
"The thriller uses its setting effectively, and the story remains interesting throughout.",positive
"The adaptation uses its visual style without much purpose, which weakens the overall experience.",negative
"The film maintains a strong pace, and the result is thoroughly enjoyable.",positive
"This movie makes limited use of its setting, and the conclusion does not feel earned.",negative
"The story uses humor at appropriate moments, which makes the final result particularly satisfying.",positive
"The film uses its visual style without much purpose, and the result is difficult to enjoy.",negative
"The cast builds its story with confidence, giving the movie a confident and entertaining quality.",positive
"The thriller creates unconvincing character relationships, and the story becomes increasingly difficult to follow.",negative
The film uses both indoor and outdoor locations. The opening scene introduces the main characters.,neutral
The film has a running time of 132 minutes. The credits list the principal cast members.,neutral
"The production makes limited use of its setting, and the performances do little to improve it.",negative
"The drama uses both indoor and outdoor locations. The film contains dialogue, music, and background sound.",neutral
The drama was filmed in color. The story takes place in several locations.,neutral
The drama has a running time of 126 minutes. The production includes both indoor and outdoor scenes.,neutral
The film was released in 2001. The plot follows events presented in chronological order.,neutral
"The thriller uses its setting effectively, and the story remains interesting throughout.",positive
"The adaptation moves at an uneven pace, which weakens the overall experience.",negative
The film has a running time of 118 minutes. The story includes scenes from different parts of the town.,neutral
"The cast uses its visual style without much purpose, leaving a disappointing impression.",negative
"The adaptation handles the central conflict with care, leaving a lasting impression.",positive
"The film makes good use of its visual style, and the result is thoroughly enjoyable.",positive
"This movie creates unconvincing character relationships, and the conclusion does not feel earned.",negative
"The comedy maintains a consistent tone, which gives the movie considerable appeal.",positive
The drama features a cast of six principal actors. The production uses a mixture of daytime and nighttime scenes.,neutral
"The thriller creates convincing character relationships, and the story remains interesting throughout.",positive
"The director's work keeps the audience engaged, and the emotional moments feel convincing.",positive
"This movie creates memorable scenes, and the performances strengthen the overall experience.",positive
The drama was released in 2017. The production uses a mixture of daytime and nighttime scenes.,neutral
"The film makes good use of its visual style, and the result is thoroughly enjoyable.",positive
The film contains several dialogue scenes. The opening scene introduces the main characters.,neutral
The drama uses English as its primary language. The production uses a mixture of daytime and nighttime scenes.,neutral
"The production makes the main characters easy to follow, making the film easy to recommend.",positive
"The film uses its visual style without much purpose, and the result is difficult to enjoy.",negative
"The drama creates unconvincing character relationships, and the emotional moments rarely feel convincing.",negative
The film was filmed in several locations. The plot follows events presented in chronological order.,neutral
"The film makes good use of its visual style, and the result is thoroughly enjoyable.",positive
The film was distributed in several countries. The narrative follows events involving several characters.,neutral
"The cast uses its visual style without much purpose, leaving a disappointing impression.",negative
"The film moves at an uneven pace, and the result is difficult to enjoy.",negative
The drama was released in 1998. The production includes both indoor and outdoor scenes.,neutral
"The thriller makes limited use of its setting, and the story becomes increasingly difficult to follow.",negative
"The adaptation uses its visual style without much purpose, which weakens the overall experience.",negative
The film is set in a large metropolitan area. The story includes scenes from different parts of the town.,neutral
"The drama follows events across several days. The film contains dialogue, music, and background sound.",neutral
The film uses both indoor and outdoor locations. The narrative follows events involving several characters.,neutral
"The director's work creates unconvincing character relationships, making the movie hard to recommend.",negative
"The production makes the main characters easy to follow, making the film easy to recommend.",positive
"This movie creates memorable scenes, and the performances strengthen the overall experience.",positive
"This movie creates unconvincing character relationships, and the conclusion does not feel earned.",negative
"The drama creates unconvincing character relationships, and the emotional moments rarely feel convincing.",negative
"This movie makes limited use of its setting, and the conclusion does not feel earned.",negative
"The director's work keeps the audience engaged, and the emotional moments feel convincing.",positive
"The director's work keeps the audience engaged, and the emotional moments feel convincing.",positive
The drama was released in 2005. The story takes place in several locations.,neutral
"The thriller makes limited use of its setting, and the story becomes increasingly difficult to follow.",negative
"The cast moves at an uneven pace, leaving a disappointing impression.",negative
The drama contains several dialogue scenes. The production uses a mixture of daytime and nighttime scenes.,neutral
The drama includes scenes set in a school. The cast includes actors from television and film.,neutral
"The comedy uses its visual style without much purpose, which makes the final result feel unsatisfying.",negative
"The drama takes place during the winter. The film contains dialogue, music, and background sound.",neutral
"The drama makes limited use of its setting, and the emotional moments rarely feel convincing.",negative
"The director's work gives the ending enough weight, and the emotional moments feel convincing.",positive
"The story uses its visual style without much purpose, giving the movie an uneven and frustrating quality.",negative
The film was released in 2020. The narrative follows events involving several characters.,neutral
"The comedy maintains a consistent tone, which gives the movie considerable appeal.",positive
The film was filmed in several locations. The plot follows events presented in chronological order.,neutral
"The thriller makes limited use of its setting, and the story becomes increasingly difficult to follow.",negative
The drama was released in 2005. The cast includes actors from television and film.,neutral
"The drama creates unconvincing character relationships, and the emotional moments rarely feel convincing.",negative
The film covers a period of several months. The story includes scenes from different parts of the town.,neutral
"This movie turns a simple premise into an engaging story, and the performances strengthen the overall experience.",positive
"The comedy maintains a consistent tone, which gives the movie considerable appeal.",positive
The drama is set in a large metropolitan area. The production includes both indoor and outdoor scenes.,neutral
The film was released in 2014. The opening scene introduces the main characters.,neutral
"The film moves at an uneven pace, and the result is difficult to enjoy.",negative
"The comedy moves at an uneven pace, which makes the final result feel unsatisfying.",negative
The film was released in 2008. The plot follows events presented in chronological order.,neutral
"The thriller creates convincing character relationships, and the story remains interesting throughout.",positive
"The cast moves at an uneven pace, leaving a disappointing impression.",negative
The drama takes place during the summer. The cast includes actors from television and film.,neutral
"The story balances its dramatic moments well, which makes the final result particularly satisfying.",positive
"The thriller creates unconvincing character relationships, and the story becomes increasingly difficult to follow.",negative
"The production makes limited use of its setting, and the performances do little to improve it.",negative
The film takes place during the summer. The opening scene introduces the main characters.,neutral
"The director's work makes limited use of its setting, making the movie hard to recommend.",negative
"The drama was adapted from a novel. The film contains dialogue, music, and background sound.",neutral
The drama covers a period of several months. The cast includes actors from television and film.,neutral
"The film moves at an uneven pace, and the result is difficult to enjoy.",negative
"This movie turns a simple premise into an engaging story, and the performances strengthen the overall experience.",positive
"The cast uses its visual style without much purpose, leaving a disappointing impression.",negative
"The comedy uses its visual style without much purpose, which makes the final result feel unsatisfying.",negative
"This movie creates unconvincing character relationships, and the conclusion does not feel earned.",negative
"The film makes good use of its visual style, and the result is thoroughly enjoyable.",positive
"The drama keeps its central idea clear, and the conclusion feels well earned.",positive
The film is set in a small coastal town. The story includes scenes from different parts of the town.,neutral
"The adaptation moves at an uneven pace, which weakens the overall experience.",negative
"The thriller creates unconvincing character relationships, and the story becomes increasingly difficult to follow.",negative
"The cast uses its visual style without much purpose, leaving a disappointing impression.",negative
The film is set in a large metropolitan area. The plot follows events presented in chronological order.,neutral
The drama was released in 2020. The production uses a mixture of daytime and nighttime scenes.,neutral
"The cast uses its visual style without much purpose, leaving a disappointing impression.",negative
"The director's work gives the ending enough weight, and the emotional moments feel convincing.",positive
"The comedy gives the performances room to stand out, which gives the movie considerable appeal.",positive
"The story balances its dramatic moments well, which makes the final result particularly satisfying.",positive
"This movie makes limited use of its setting, and the conclusion does not feel earned.",negative
The film takes place during the summer. The narrative follows events involving several characters.,neutral
"The director's work gives the ending enough weight, and the emotional moments feel convincing.",positive
The film includes scenes set in a workplace. The story includes scenes from different parts of the town.,neutral
The drama was released in 2008. The production uses a mixture of daytime and nighttime scenes.,neutral
The drama has a running time of 104 minutes. The story takes place in several locations.,neutral
"The story moves at an uneven pace, giving the movie an uneven and frustrating quality.",negative
"The adaptation handles the central conflict with care, leaving a lasting impression.",positive
"The adaptation handles the central conflict with care, leaving a lasting impression.",positive
The drama was adapted from a novel. The production includes both indoor and outdoor scenes.,neutral
"The thriller uses its setting effectively, and the story remains interesting throughout.",positive
The film is set in a large metropolitan area. The credits list the principal cast members.,neutral
"The drama keeps its central idea clear, and the conclusion feels well earned.",positive
"The story balances its dramatic moments well, which makes the final result particularly satisfying.",positive
"The story uses humor at appropriate moments, which makes the final result particularly satisfying.",positive
"The drama develops its characters carefully, and the conclusion feels well earned.",positive
"The comedy moves at an uneven pace, which makes the final result feel unsatisfying.",negative
"The cast connects its different storylines effectively, giving the movie a confident and entertaining quality.",positive
"The comedy maintains a consistent tone, which gives the movie considerable appeal.",positive
The film was released in 2005. The narrative follows events involving several characters.,neutral
"The thriller creates unconvincing character relationships, and the story becomes increasingly difficult to follow.",negative
"The drama keeps its central idea clear, and the conclusion feels well earned.",positive
"This movie makes limited use of its setting, and the conclusion does not feel earned.",negative
The film includes scenes set in a school. The opening scene introduces the main characters.,neutral
The drama takes place during the winter. The story takes place in several locations.,neutral
The film features a cast of six principal actors. The credits list the principal cast members.,neutral
"The cast connects its different storylines effectively, giving the movie a confident and entertaining quality.",positive
"This movie creates unconvincing character relationships, and the conclusion does not feel earned.",negative
"The adaptation keeps the dialogue lively, leaving a lasting impression.",positive
"The production makes the main characters easy to follow, making the film easy to recommend.",positive
"The drama has a running time of 126 minutes. The film contains dialogue, music, and background sound.",neutral
"The cast connects its different storylines effectively, giving the movie a confident and entertaining quality.",positive
"The film uses its visual style without much purpose, and the result is difficult to enjoy.",negative
"The film makes good use of its visual style, and the result is thoroughly enjoyable.",positive
"The adaptation moves at an uneven pace, which weakens the overall experience.",negative
"The director's work creates unconvincing character relationships, making the movie hard to recommend.",negative
"The director's work makes limited use of its setting, making the movie hard to recommend.",negative
"The cast builds its story with confidence, giving the movie a confident and entertaining quality.",positive
The film was distributed in several countries. The story includes scenes from different parts of the town.,neutral
"This movie creates unconvincing character relationships, and the conclusion does not feel earned.",negative
The drama features a cast of six principal actors. The production uses a mixture of daytime and nighttime scenes.,neutral
The film includes scenes set in a school. The story includes scenes from different parts of the town.,neutral
The drama was filmed in several locations. The production includes both indoor and outdoor scenes.,neutral
The film takes place during the winter. The credits list the principal cast members.,neutral
The drama was adapted from a novel. The story takes place in several locations.,neutral
The drama was released in 2011. The production includes both indoor and outdoor scenes.,neutral
The drama has a running time of 132 minutes. The production uses a mixture of daytime and nighttime scenes.,neutral
"The drama creates unconvincing character relationships, and the emotional moments rarely feel convincing.",negative
"The adaptation handles the central conflict with care, leaving a lasting impression.",positive
"The film uses its visual style without much purpose, and the result is difficult to enjoy.",negative
"The film moves at an uneven pace, and the result is difficult to enjoy.",negative
"The cast builds its story with confidence, giving the movie a confident and entertaining quality.",positive
"The director's work makes limited use of its setting, making the movie hard to recommend.",negative
The film contains several dialogue scenes. The opening scene introduces the main characters.,neutral
The drama was released in 1998. The production uses a mixture of daytime and nighttime scenes.,neutral
The film follows events across several days. The story includes scenes from different parts of the town.,neutral
The drama uses English as its primary language. The story takes place in several locations.,neutral
"The drama creates unconvincing character relationships, and the emotional moments rarely feel convincing.",negative
"The adaptation moves at an uneven pace, which weakens the overall experience.",negative
"The story uses humor at appropriate moments, which makes the final result particularly satisfying.",positive
"The thriller creates convincing character relationships, and the story remains interesting throughout.",positive
"This movie creates unconvincing character relationships, and the conclusion does not feel earned.",negative
"This movie turns a simple premise into an engaging story, and the performances strengthen the overall experience.",positive
"The director's work keeps the audience engaged, and the emotional moments feel convincing.",positive
"The cast uses its visual style without much purpose, leaving a disappointing impression.",negative
"The comedy maintains a consistent tone, which gives the movie considerable appeal.",positive
The film has a running time of 104 minutes. The opening scene introduces the main characters.,neutral
"The drama develops its characters carefully, and the conclusion feels well earned.",positive
"The comedy maintains a consistent tone, which gives the movie considerable appeal.",positive
The film was released in 2008. The story includes scenes from different parts of the town.,neutral
The drama has a running time of 104 minutes. The production uses a mixture of daytime and nighttime scenes.,neutral
"This movie creates memorable scenes, and the performances strengthen the overall experience.",positive
"The adaptation moves at an uneven pace, which weakens the overall experience.",negative
"The drama has a running time of 104 minutes. The film contains dialogue, music, and background sound.",neutral
"This movie creates unconvincing character relationships, and the conclusion does not feel earned.",negative
The film was produced by an independent studio. The credits list the principal cast members.,neutral
The drama has a running time of 118 minutes. The production uses a mixture of daytime and nighttime scenes.,neutral
"The film uses its visual style without much purpose, and the result is difficult to enjoy.",negative
The film is set in a large metropolitan area. The narrative follows events involving several characters.,neutral
"The adaptation moves at an uneven pace, which weakens the overall experience.",negative
The film follows events across several days. The credits list the principal cast members.,neutral
"The cast uses its visual style without much purpose, leaving a disappointing impression.",negative
"The thriller makes limited use of its setting, and the story becomes increasingly difficult to follow.",negative
"The drama was released in 2011. The film contains dialogue, music, and background sound.",neutral
"The cast builds its story with confidence, giving the movie a confident and entertaining quality.",positive
The film includes scenes set in a workplace. The credits list the principal cast members.,neutral
The film was released in 2020. The opening scene introduces the main characters.,neutral
"The adaptation keeps the dialogue lively, leaving a lasting impression.",positive
"This movie turns a simple premise into an engaging story, and the performances strengthen the overall experience.",positive
"The production makes the main characters easy to follow, making the film easy to recommend.",positive
"The film moves at an uneven pace, and the result is difficult to enjoy.",negative
The film was released in 2005. The credits list the principal cast members.,neutral
The film has a running time of 126 minutes. The opening scene introduces the main characters.,neutral
"The production makes the main characters easy to follow, making the film easy to recommend.",positive
"The drama makes limited use of its setting, and the emotional moments rarely feel convincing.",negative
The film was adapted from a novel. The narrative follows events involving several characters.,neutral
The film was released in 1998. The plot follows events presented in chronological order.,neutral
"The drama keeps its central idea clear, and the conclusion feels well earned.",positive
"This movie makes limited use of its setting, and the conclusion does not feel earned.",negative
The drama has a running time of 126 minutes. The story takes place in several locations.,neutral
The film has a running time of 126 minutes. The opening scene introduces the main characters.,neutral
"The drama creates unconvincing character relationships, and the emotional moments rarely feel convincing.",negative
The film features a cast of six principal actors. The narrative follows events involving several characters.,neutral
"The director's work gives the ending enough weight, and the emotional moments feel convincing.",positive
"The director's work creates unconvincing character relationships, making the movie hard to recommend.",negative
"The drama develops its characters carefully, and the conclusion feels well earned.",positive
"The director's work keeps the audience engaged, and the emotional moments feel convincing.",positive
"The cast builds its story with confidence, giving the movie a confident and entertaining quality.",positive
"The cast builds its story with confidence, giving the movie a confident and entertaining quality.",positive
"The adaptation uses its visual style without much purpose, which weakens the overall experience.",negative
The film has a running time of 126 minutes. The story includes scenes from different parts of the town.,neutral
"The director's work creates unconvincing character relationships, making the movie hard to recommend.",negative
"The director's work gives the ending enough weight, and the emotional moments feel convincing.",positive
"The film makes good use of its visual style, and the result is thoroughly enjoyable.",positive
The drama covers a period of several months. The story takes place in several locations.,neutral
"The thriller uses its setting effectively, and the story remains interesting throughout.",positive
"The adaptation uses its visual style without much purpose, which weakens the overall experience.",negative
"The adaptation keeps the dialogue lively, leaving a lasting impression.",positive
"The director's work keeps the audience engaged, and the emotional moments feel convincing.",positive
"The story uses its visual style without much purpose, giving the movie an uneven and frustrating quality.",negative
"The drama creates unconvincing character relationships, and the emotional moments rarely feel convincing.",negative
"The drama was filmed in several locations. The film contains dialogue, music, and background sound.",neutral
The drama was released in 2008. The production uses a mixture of daytime and nighttime scenes.,neutral
"The drama takes place during the winter. The film contains dialogue, music, and background sound.",neutral
"The cast moves at an uneven pace, leaving a disappointing impression.",negative
The drama was released in 2001. The story takes place in several locations.,neutral
The film was released in 1998. The plot follows events presented in chronological order.,neutral
"The comedy uses its visual style without much purpose, which makes the final result feel unsatisfying.",negative
The drama uses both indoor and outdoor locations. The production uses a mixture of daytime and nighttime scenes.,neutral
"The drama keeps its central idea clear, and the conclusion feels well earned.",positive
The film was released in 2001. The opening scene introduces the main characters.,neutral
"The director's work gives the ending enough weight, and the emotional moments feel convincing.",positive
The drama was filmed in color. The production uses a mixture of daytime and nighttime scenes.,neutral
"This movie creates unconvincing character relationships, and the conclusion does not feel earned.",negative
"The story moves at an uneven pace, giving the movie an uneven and frustrating quality.",negative
"The comedy moves at an uneven pace, which makes the final result feel unsatisfying.",negative
"The production makes the main characters easy to follow, making the film easy to recommend.",positive
"The thriller creates unconvincing character relationships, and the story becomes increasingly difficult to follow.",negative
"The drama makes limited use of its setting, and the emotional moments rarely feel convincing.",negative
The film was released in 2017. The plot follows events presented in chronological order.,neutral
"This movie turns a simple premise into an engaging story, and the performances strengthen the overall experience.",positive
"The drama takes place during the summer. The film contains dialogue, music, and background sound.",neutral
"This movie creates memorable scenes, and the performances strengthen the overall experience.",positive
"The director's work makes limited use of its setting, making the movie hard to recommend.",negative
"This movie turns a simple premise into an engaging story, and the performances strengthen the overall experience.",positive
The drama takes place during the summer. The story takes place in several locations.,neutral
The film was released in 2001. The story includes scenes from different parts of the town.,neutral
The drama was released in 2014. The production includes both indoor and outdoor scenes.,neutral
"The comedy uses its visual style without much purpose, which makes the final result feel unsatisfying.",negative
"The story uses its visual style without much purpose, giving the movie an uneven and frustrating quality.",negative
"The story uses humor at appropriate moments, which makes the final result particularly satisfying.",positive
"The production makes limited use of its setting, and the performances do little to improve it.",negative
"The cast connects its different storylines effectively, giving the movie a confident and entertaining quality.",positive
"The director's work keeps the audience engaged, and the emotional moments feel convincing.",positive
"The director's work makes limited use of its setting, making the movie hard to recommend.",negative
"The cast builds its story with confidence, giving the movie a confident and entertaining quality.",positive
"The thriller makes limited use of its setting, and the story becomes increasingly difficult to follow.",negative
The drama uses English as its primary language. The production uses a mixture of daytime and nighttime scenes.,neutral
"The story uses its visual style without much purpose, giving the movie an uneven and frustrating quality.",negative
"The cast connects its different storylines effectively, giving the movie a confident and entertaining quality.",positive
"This movie creates memorable scenes, and the performances strengthen the overall experience.",positive
The drama uses both indoor and outdoor locations. The story takes place in several locations.,neutral
The drama uses English as its primary language. The cast includes actors from television and film.,neutral
"The drama keeps its central idea clear, and the conclusion feels well earned.",positive
"The production makes limited use of its setting, and the performances do little to improve it.",negative
"The production creates unconvincing character relationships, and the performances do little to improve it.",negative
"The thriller creates convincing character relationships, and the story remains interesting throughout.",positive
"The production makes limited use of its setting, and the performances do little to improve it.",negative
"The story moves at an uneven pace, giving the movie an uneven and frustrating quality.",negative
"The story balances its dramatic moments well, which makes the final result particularly satisfying.",positive
"The production makes the main characters easy to follow, making the film easy to recommend.",positive
"The drama keeps its central idea clear, and the conclusion feels well earned.",positive
The film follows events across several days. The plot follows events presented in chronological order.,neutral
The film takes place during the summer. The story includes scenes from different parts of the town.,neutral
"The thriller creates convincing character relationships, and the story remains interesting throughout.",positive
"The thriller creates convincing character relationships, and the story remains interesting throughout.",positive
"The film moves at an uneven pace, and the result is difficult to enjoy.",negative
"The film uses its visual style without much purpose, and the result is difficult to enjoy.",negative
"The drama was released in 2005. The film contains dialogue, music, and background sound.",neutral
The drama is set in a small coastal town. The production includes both indoor and outdoor scenes.,neutral
The film was released in 2020. The plot follows events presented in chronological order.,neutral
"The production moves naturally between its scenes, making the film easy to recommend.",positive
"The production makes limited use of its setting, and the performances do little to improve it.",negative
"The drama keeps its central idea clear, and the conclusion feels well earned.",positive
The film includes scenes set in a school. The story includes scenes from different parts of the town.,neutral
"The story balances its dramatic moments well, which makes the final result particularly satisfying.",positive
"The drama develops its characters carefully, and the conclusion feels well earned.",positive
The film has a running time of 118 minutes. The story includes scenes from different parts of the town.,neutral
"The story uses humor at appropriate moments, which makes the final result particularly satisfying.",positive
"The cast builds its story with confidence, giving the movie a confident and entertaining quality.",positive
The drama was distributed in several countries. The production uses a mixture of daytime and nighttime scenes.,neutral
"The adaptation uses its visual style without much purpose, which weakens the overall experience.",negative
The film was filmed in several locations. The opening scene introduces the main characters.,neutral
"The drama was filmed in color. The film contains dialogue, music, and background sound.",neutral
The film was released in 2017. The story includes scenes from different parts of the town.,neutral
"The thriller creates convincing character relationships, and the story remains interesting throughout.",positive
"The drama contains several dialogue scenes. The film contains dialogue, music, and background sound.",neutral
"This movie creates memorable scenes, and the performances strengthen the overall experience.",positive
The drama has a running time of 118 minutes. The cast includes actors from television and film.,neutral
"The comedy uses its visual style without much purpose, which makes the final result feel unsatisfying.",negative
"The comedy moves at an uneven pace, which makes the final result feel unsatisfying.",negative
The film takes place during the winter. The plot follows events presented in chronological order.,neutral
"The drama makes limited use of its setting, and the emotional moments rarely feel convincing.",negative
"The comedy uses its visual style without much purpose, which makes the final result feel unsatisfying.",negative
"The adaptation moves at an uneven pace, which weakens the overall experience.",negative
"The film uses its visual style without much purpose, and the result is difficult to enjoy.",negative
The film is set in a large metropolitan area. The opening scene introduces the main characters.,neutral
"The production makes the main characters easy to follow, making the film easy to recommend.",positive
"The production moves naturally between its scenes, making the film easy to recommend.",positive
The film is set in a large metropolitan area. The plot follows events presented in chronological order.,neutral
"The cast connects its different storylines effectively, giving the movie a confident and entertaining quality.",positive
"The production makes the main characters easy to follow, making the film easy to recommend.",positive
"The comedy uses its visual style without much purpose, which makes the final result feel unsatisfying.",negative
"The thriller creates convincing character relationships, and the story remains interesting throughout.",positive
"This movie creates unconvincing character relationships, and the conclusion does not feel earned.",negative
"The story uses its visual style without much purpose, giving the movie an uneven and frustrating quality.",negative
"The story uses its visual style without much purpose, giving the movie an uneven and frustrating quality.",negative
"This movie makes limited use of its setting, and the conclusion does not feel earned.",negative
"The thriller uses its setting effectively, and the story remains interesting throughout.",positive
The film includes scenes set in a school. The narrative follows events involving several characters.,neutral
"The thriller makes limited use of its setting, and the story becomes increasingly difficult to follow.",negative
"The film maintains a strong pace, and the result is thoroughly enjoyable.",positive
"The director's work makes limited use of its setting, making the movie hard to recommend.",negative
"The story moves at an uneven pace, giving the movie an uneven and frustrating quality.",negative
The film is set in a large metropolitan area. The credits list the principal cast members.,neutral
"The director's work gives the ending enough weight, and the emotional moments feel convincing.",positive
"The film maintains a strong pace, and the result is thoroughly enjoyable.",positive
"The director's work keeps the audience engaged, and the emotional moments feel convincing.",positive
The film has a running time of 104 minutes. The narrative follows events involving several characters.,neutral
"The drama has a running time of 118 minutes. The film contains dialogue, music, and background sound.",neutral
The film features a cast of six principal actors. The opening scene introduces the main characters.,neutral
"The production creates unconvincing character relationships, and the performances do little to improve it.",negative
"The cast moves at an uneven pace, leaving a disappointing impression.",negative
"The comedy moves at an uneven pace, which makes the final result feel unsatisfying.",negative
"The director's work gives the ending enough weight, and the emotional moments feel convincing.",positive
The film was released in 2011. The credits list the principal cast members.,neutral
The drama was released in 1998. The cast includes actors from television and film.,neutral
"The film uses its visual style without much purpose, and the result is difficult to enjoy.",negative
"The drama creates unconvincing character relationships, and the emotional moments rarely feel convincing.",negative
The film is set in a small coastal town. The narrative follows events involving several characters.,neutral
"The story uses humor at appropriate moments, which makes the final result particularly satisfying.",positive
The film was filmed in color. The credits list the principal cast members.,neutral
"The drama keeps its central idea clear, and the conclusion feels well earned.",positive
"The director's work makes limited use of its setting, making the movie hard to recommend.",negative
"The thriller uses its setting effectively, and the story remains interesting throughout.",positive
"The comedy gives the performances room to stand out, which gives the movie considerable appeal.",positive
"The comedy gives the performances room to stand out, which gives the movie considerable appeal.",positive
"The director's work gives the ending enough weight, and the emotional moments feel convincing.",positive
The film covers a period of several months. The plot follows events presented in chronological order.,neutral
The film includes scenes set in a workplace. The narrative follows events involving several characters.,neutral
"The drama creates unconvincing character relationships, and the emotional moments rarely feel convincing.",negative
"The drama makes limited use of its setting, and the emotional moments rarely feel convincing.",negative
"The director's work gives the ending enough weight, and the emotional moments feel convincing.",positive
"The thriller uses its setting effectively, and the story remains interesting throughout.",positive
The drama includes scenes set in a workplace. The cast includes actors from television and film.,neutral
"The story moves at an uneven pace, giving the movie an uneven and frustrating quality.",negative
"The film uses its visual style without much purpose, and the result is difficult to enjoy.",negative
"The production creates unconvincing character relationships, and the performances do little to improve it.",negative
The drama was released in 2001. The story takes place in several locations.,neutral
"The thriller makes limited use of its setting, and the story becomes increasingly difficult to follow.",negative
The film is set in a large metropolitan area. The opening scene introduces the main characters.,neutral
"The comedy gives the performances room to stand out, which gives the movie considerable appeal.",positive
"The story uses humor at appropriate moments, which makes the final result particularly satisfying.",positive
"The drama creates unconvincing character relationships, and the emotional moments rarely feel convincing.",negative
"The director's work creates unconvincing character relationships, making the movie hard to recommend.",negative
"The thriller uses its setting effectively, and the story remains interesting throughout.",positive
The film is set in a small coastal town. The narrative follows events involving several characters.,neutral
The drama was released in 2005. The cast includes actors from television and film.,neutral
"The director's work makes limited use of its setting, making the movie hard to recommend.",negative
"The adaptation moves at an uneven pace, which weakens the overall experience.",negative
"The adaptation uses its visual style without much purpose, which weakens the overall experience.",negative
The film has a running time of 104 minutes. The plot follows events presented in chronological order.,neutral
"The thriller makes limited use of its setting, and the story becomes increasingly difficult to follow.",negative
"The cast connects its different storylines effectively, giving the movie a confident and entertaining quality.",positive
"The comedy maintains a consistent tone, which gives the movie considerable appeal.",positive
"The drama uses both indoor and outdoor locations. The film contains dialogue, music, and background sound.",neutral
The film has a running time of 104 minutes. The credits list the principal cast members.,neutral
The drama takes place during the winter. The production uses a mixture of daytime and nighttime scenes.,neutral
"The story uses its visual style without much purpose, giving the movie an uneven and frustrating quality.",negative
"This movie turns a simple premise into an engaging story, and the performances strengthen the overall experience.",positive
"The production creates unconvincing character relationships, and the performances do little to improve it.",negative
"The story uses humor at appropriate moments, which makes the final result particularly satisfying.",positive
"The director's work keeps the audience engaged, and the emotional moments feel convincing.",positive
"The story moves at an uneven pace, giving the movie an uneven and frustrating quality.",negative
The drama covers a period of several months. The production uses a mixture of daytime and nighttime scenes.,neutral
"The thriller uses its setting effectively, and the story remains interesting throughout.",positive
"The drama creates unconvincing character relationships, and the emotional moments rarely feel convincing.",negative
"The adaptation keeps the dialogue lively, leaving a lasting impression.",positive
"The story uses its visual style without much purpose, giving the movie an uneven and frustrating quality.",negative
"The director's work gives the ending enough weight, and the emotional moments feel convincing.",positive
The film uses English as its primary language. The plot follows events presented in chronological order.,neutral
The film was produced by an independent studio. The story includes scenes from different parts of the town.,neutral
"The director's work gives the ending enough weight, and the emotional moments feel convincing.",positive
"The adaptation uses its visual style without much purpose, which weakens the overall experience.",negative
The film was filmed in color. The story includes scenes from different parts of the town.,neutral
"The drama keeps its central idea clear, and the conclusion feels well earned.",positive
The film has a running time of 118 minutes. The plot follows events presented in chronological order.,neutral
"The drama is set in a large metropolitan area. The film contains dialogue, music, and background sound.",neutral
The film was released in 1998. The opening scene introduces the main characters.,neutral
The film was produced by an independent studio. The narrative follows events involving several characters.,neutral
"The comedy moves at an uneven pace, which makes the final result feel unsatisfying.",negative
"The story moves at an uneven pace, giving the movie an uneven and frustrating quality.",negative
"The story moves at an uneven pace, giving the movie an uneven and frustrating quality.",negative
The drama was released in 2011. The production includes both indoor and outdoor scenes.,neutral
"The film uses its visual style without much purpose, and the result is difficult to enjoy.",negative
"The cast moves at an uneven pace, leaving a disappointing impression.",negative
"The comedy gives the performances room to stand out, which gives the movie considerable appeal.",positive
"The drama includes scenes set in a school. The film contains dialogue, music, and background sound.",neutral
"The drama creates unconvincing character relationships, and the emotional moments rarely feel convincing.",negative
The film was released in 2017. The opening scene introduces the main characters.,neutral
"The cast uses its visual style without much purpose, leaving a disappointing impression.",negative
"The thriller creates convincing character relationships, and the story remains interesting throughout.",positive
The drama was released in 2005. The cast includes actors from television and film.,neutral
"The story balances its dramatic moments well, which makes the final result particularly satisfying.",positive
"The drama develops its characters carefully, and the conclusion feels well earned.",positive
The film was released in 2014. The narrative follows events involving several characters.,neutral
The film was released in 2001. The plot follows events presented in chronological order.,neutral
The film was produced by an independent studio. The narrative follows events involving several characters.,neutral
The film was released in 2020. The narrative follows events involving several characters.,neutral
"The thriller uses its setting effectively, and the story remains interesting throughout.",positive
"The story balances its dramatic moments well, which makes the final result particularly satisfying.",positive
"The drama was filmed in several locations. The film contains dialogue, music, and background sound.",neutral
"The director's work keeps the audience engaged, and the emotional moments feel convincing.",positive
"This movie turns a simple premise into an engaging story, and the performances strengthen the overall experience.",positive
"The drama keeps its central idea clear, and the conclusion feels well earned.",positive
"This movie turns a simple premise into an engaging story, and the performances strengthen the overall experience.",positive
The drama was released in 2011. The production uses a mixture of daytime and nighttime scenes.,neutral
"The production creates unconvincing character relationships, and the performances do little to improve it.",negative
The film has a running time of 104 minutes. The credits list the principal cast members.,neutral
"The story uses its visual style without much purpose, giving the movie an uneven and frustrating quality.",negative
The film was produced by an independent studio. The story includes scenes from different parts of the town.,neutral
The drama was released in 2020. The story takes place in several locations.,neutral
"The film maintains a strong pace, and the result is thoroughly enjoyable.",positive
"The production moves naturally between its scenes, making the film easy to recommend.",positive
"The cast uses its visual style without much purpose, leaving a disappointing impression.",negative
The drama was distributed in several countries. The production uses a mixture of daytime and nighttime scenes.,neutral
"The drama keeps its central idea clear, and the conclusion feels well earned.",positive
The film includes scenes set in a school. The credits list the principal cast members.,neutral
"This movie creates memorable scenes, and the performances strengthen the overall experience.",positive
"The adaptation uses its visual style without much purpose, which weakens the overall experience.",negative
"The adaptation keeps the dialogue lively, leaving a lasting impression.",positive
"The thriller creates convincing character relationships, and the story remains interesting throughout.",positive
The drama was released in 2017. The cast includes actors from television and film.,neutral
The drama was adapted from a novel. The production includes both indoor and outdoor scenes.,neutral
"The comedy moves at an uneven pace, which makes the final result feel unsatisfying.",negative
The drama covers a period of several months. The cast includes actors from television and film.,neutral
The film was filmed in several locations. The narrative follows events involving several characters.,neutral
"The production makes the main characters easy to follow, making the film easy to recommend.",positive
"The production moves naturally between its scenes, making the film easy to recommend.",positive
"The film moves at an uneven pace, and the result is difficult to enjoy.",negative
The film was released in 2017. The plot follows events presented in chronological order.,neutral
"The thriller makes limited use of its setting, and the story becomes increasingly difficult to follow.",negative
The film is set in a large metropolitan area. The credits list the principal cast members.,neutral
"The adaptation handles the central conflict with care, leaving a lasting impression.",positive
"The comedy moves at an uneven pace, which makes the final result feel unsatisfying.",negative
"The drama keeps its central idea clear, and the conclusion feels well earned.",positive
"The drama makes limited use of its setting, and the emotional moments rarely feel convincing.",negative
The film is set in a large metropolitan area. The story includes scenes from different parts of the town.,neutral
"The comedy uses its visual style without much purpose, which makes the final result feel unsatisfying.",negative
"The adaptation handles the central conflict with care, leaving a lasting impression.",positive
"The production makes the main characters easy to follow, making the film easy to recommend.",positive
The drama includes scenes set in a school. The story takes place in several locations.,neutral
"The adaptation handles the central conflict with care, leaving a lasting impression.",positive
The film was produced by an independent studio. The plot follows events presented in chronological order.,neutral
"The director's work gives the ending enough weight, and the emotional moments feel convincing.",positive
"The film makes good use of its visual style, and the result is thoroughly enjoyable.",positive
"The director's work creates unconvincing character relationships, making the movie hard to recommend.",negative
The film was released in 1998. The narrative follows events involving several characters.,neutral
The drama uses both indoor and outdoor locations. The story takes place in several locations.,neutral
"The story uses humor at appropriate moments, which makes the final result particularly satisfying.",positive
"The drama has a running time of 132 minutes. The film contains dialogue, music, and background sound.",neutral
The film uses English as its primary language. The story includes scenes from different parts of the town.,neutral
The drama is set in a small coastal town. The cast includes actors from television and film.,neutral
"The film maintains a strong pace, and the result is thoroughly enjoyable.",positive
"The adaptation uses its visual style without much purpose, which weakens the overall experience.",negative
"The director's work creates unconvincing character relationships, making the movie hard to recommend.",negative
"The drama creates unconvincing character relationships, and the emotional moments rarely feel convincing.",negative
"This movie turns a simple premise into an engaging story, and the performances strengthen the overall experience.",positive
"The story balances its dramatic moments well, which makes the final result particularly satisfying.",positive
"The adaptation handles the central conflict with care, leaving a lasting impression.",positive
The film was released in 1998. The credits list the principal cast members.,neutral
"The comedy moves at an uneven pace, which makes the final result feel unsatisfying.",negative
"The production creates unconvincing character relationships, and the performances do little to improve it.",negative
"The director's work gives the ending enough weight, and the emotional moments feel convincing.",positive
"The director's work keeps the audience engaged, and the emotional moments feel convincing.",positive
"The film moves at an uneven pace, and the result is difficult to enjoy.",negative
The drama takes place during the winter. The cast includes actors from television and film.,neutral
"The film moves at an uneven pace, and the result is difficult to enjoy.",negative
"This movie creates unconvincing character relationships, and the conclusion does not feel earned.",negative
"This movie creates unconvincing character relationships, and the conclusion does not feel earned.",negative
"The drama keeps its central idea clear, and the conclusion feels well earned.",positive
The film has a running time of 104 minutes. The story includes scenes from different parts of the town.,neutral
"The adaptation moves at an uneven pace, which weakens the overall experience.",negative
"The director's work creates unconvincing character relationships, making the movie hard to recommend.",negative
"The adaptation moves at an uneven pace, which weakens the overall experience.",negative
"The director's work makes limited use of its setting, making the movie hard to recommend.",negative
"The comedy moves at an uneven pace, which makes the final result feel unsatisfying.",negative
"The adaptation handles the central conflict with care, leaving a lasting impression.",positive
"The drama develops its characters carefully, and the conclusion feels well earned.",positive
"The drama was adapted from a novel. The film contains dialogue, music, and background sound.",neutral
"The film makes good use of its visual style, and the result is thoroughly enjoyable.",positive
The film takes place during the winter. The credits list the principal cast members.,neutral
"The thriller makes limited use of its setting, and the story becomes increasingly difficult to follow.",negative
"The story uses its visual style without much purpose, giving the movie an uneven and frustrating quality.",negative
The film takes place during the winter. The plot follows events presented in chronological order.,neutral
The film uses both indoor and outdoor locations. The plot follows events presented in chronological order.,neutral
"The director's work gives the ending enough weight, and the emotional moments feel convincing.",positive
"The production moves naturally between its scenes, making the film easy to recommend.",positive
"The drama was released in 2011. The film contains dialogue, music, and background sound.",neutral
The film was filmed in color. The narrative follows events involving several characters.,neutral
The drama takes place during the winter. The production includes both indoor and outdoor scenes.,neutral
The film includes scenes set in a workplace. The opening scene introduces the main characters.,neutral
"The director's work creates unconvincing character relationships, making the movie hard to recommend.",negative
"The story balances its dramatic moments well, which makes the final result particularly satisfying.",positive
The drama was released in 2001. The production uses a mixture of daytime and nighttime scenes.,neutral
"The director's work gives the ending enough weight, and the emotional moments feel convincing.",positive
"The production makes limited use of its setting, and the performances do little to improve it.",negative
The drama includes scenes set in a school. The story takes place in several locations.,neutral
The film was released in 2001. The story includes scenes from different parts of the town.,neutral
"The cast moves at an uneven pace, leaving a disappointing impression.",negative
The drama includes scenes set in a school. The production uses a mixture of daytime and nighttime scenes.,neutral
The drama was adapted from a novel. The cast includes actors from television and film.,neutral
"The comedy gives the performances room to stand out, which gives the movie considerable appeal.",positive
The film was filmed in several locations. The credits list the principal cast members.,neutral
"This movie makes limited use of its setting, and the conclusion does not feel earned.",negative
The film was released in 2001. The opening scene introduces the main characters.,neutral
"The thriller uses its setting effectively, and the story remains interesting throughout.",positive
The drama was released in 2020. The production includes both indoor and outdoor scenes.,neutral
"The film uses its visual style without much purpose, and the result is difficult to enjoy.",negative
"The drama makes limited use of its setting, and the emotional moments rarely feel convincing.",negative
"The drama contains several dialogue scenes. The film contains dialogue, music, and background sound.",neutral
The drama follows events across several days. The production uses a mixture of daytime and nighttime scenes.,neutral
"The thriller makes limited use of its setting, and the story becomes increasingly difficult to follow.",negative
"The drama develops its characters carefully, and the conclusion feels well earned.",positive
The film takes place during the winter. The narrative follows events involving several characters.,neutral
"The production makes the main characters easy to follow, making the film easy to recommend.",positive
"The comedy gives the performances room to stand out, which gives the movie considerable appeal.",positive
"The film makes good use of its visual style, and the result is thoroughly enjoyable.",positive
"The comedy maintains a consistent tone, which gives the movie considerable appeal.",positive
"The drama was filmed in color. The film contains dialogue, music, and background sound.",neutral
"The production makes the main characters easy to follow, making the film easy to recommend.",positive
"This movie turns a simple premise into an engaging story, and the performances strengthen the overall experience.",positive
"The adaptation uses its visual style without much purpose, which weakens the overall experience.",negative
"The story balances its dramatic moments well, which makes the final result particularly satisfying.",positive
"The cast builds its story with confidence, giving the movie a confident and entertaining quality.",positive
The film was released in 2011. The narrative follows events involving several characters.,neutral
"The cast uses its visual style without much purpose, leaving a disappointing impression.",negative
"The cast moves at an uneven pace, leaving a disappointing impression.",negative
"The comedy maintains a consistent tone, which gives the movie considerable appeal.",positive
"The film maintains a strong pace, and the result is thoroughly enjoyable.",positive
"The comedy maintains a consistent tone, which gives the movie considerable appeal.",positive
The film was released in 2001. The credits list the principal cast members.,neutral
The film uses both indoor and outdoor locations. The opening scene introduces the main characters.,neutral
The film was released in 2017. The credits list the principal cast members.,neutral
"The adaptation keeps the dialogue lively, leaving a lasting impression.",positive
"The comedy maintains a consistent tone, which gives the movie considerable appeal.",positive
The film was produced by an independent studio. The credits list the principal cast members.,neutral
The drama was released in 2014. The production uses a mixture of daytime and nighttime scenes.,neutral
The film was released in 2001. The opening scene introduces the main characters.,neutral
"The film maintains a strong pace, and the result is thoroughly enjoyable.",positive
"The film maintains a strong pace, and the result is thoroughly enjoyable.",positive
"The production creates unconvincing character relationships, and the performances do little to improve it.",negative
"The production makes limited use of its setting, and the performances do little to improve it.",negative
"The director's work makes limited use of its setting, making the movie hard to recommend.",negative
The drama was released in 2011. The cast includes actors from television and film.,neutral
The drama follows events across several days. The production uses a mixture of daytime and nighttime scenes.,neutral
"This movie makes limited use of its setting, and the conclusion does not feel earned.",negative
The film takes place during the summer. The narrative follows events involving several characters.,neutral
The film was distributed in several countries. The opening scene introduces the main characters.,neutral
The drama has a running time of 132 minutes. The production uses a mixture of daytime and nighttime scenes.,neutral
"The thriller creates unconvincing character relationships, and the story becomes increasingly difficult to follow.",negative
"The director's work makes limited use of its setting, making the movie hard to recommend.",negative
The film takes place during the winter. The credits list the principal cast members.,neutral
The film has a running time of 132 minutes. The credits list the principal cast members.,neutral
The film includes scenes set in a school. The story includes scenes from different parts of the town.,neutral
The film contains several dialogue scenes. The credits list the principal cast members.,neutral
The drama uses English as its primary language. The cast includes actors from television and film.,neutral
"The story uses its visual style without much purpose, giving the movie an uneven and frustrating quality.",negative
The film has a running time of 104 minutes. The opening scene introduces the main characters.,neutral
"The comedy uses its visual style without much purpose, which makes the final result feel unsatisfying.",negative
"The adaptation moves at an uneven pace, which weakens the overall experience.",negative
"The comedy uses its visual style without much purpose, which makes the final result feel unsatisfying.",negative
"The drama develops its characters carefully, and the conclusion feels well earned.",positive
"The comedy moves at an uneven pace, which makes the final result feel unsatisfying.",negative
"The comedy maintains a consistent tone, which gives the movie considerable appeal.",positive
The drama was released in 2017. The cast includes actors from television and film.,neutral
The drama was produced by an independent studio. The production uses a mixture of daytime and nighttime scenes.,neutral
"The thriller creates unconvincing character relationships, and the story becomes increasingly difficult to follow.",negative
"The thriller creates convincing character relationships, and the story remains interesting throughout.",positive
The film uses English as its primary language. The opening scene introduces the main characters.,neutral
The drama contains several dialogue scenes. The story takes place in several locations.,neutral
"The comedy uses its visual style without much purpose, which makes the final result feel unsatisfying.",negative
"The story moves at an uneven pace, giving the movie an uneven and frustrating quality.",negative
"The story moves at an uneven pace, giving the movie an uneven and frustrating quality.",negative
"The thriller makes limited use of its setting, and the story becomes increasingly difficult to follow.",negative
"The drama has a running time of 104 minutes. The film contains dialogue, music, and background sound.",neutral
"The story uses humor at appropriate moments, which makes the final result particularly satisfying.",positive
The drama was distributed in several countries. The production includes both indoor and outdoor scenes.,neutral
"The comedy uses its visual style without much purpose, which makes the final result feel unsatisfying.",negative
"The drama develops its characters carefully, and the conclusion feels well earned.",positive
"This movie makes limited use of its setting, and the conclusion does not feel earned.",negative
The drama is set in a large metropolitan area. The story takes place in several locations.,neutral
The drama includes scenes set in a workplace. The story takes place in several locations.,neutral
"This movie creates unconvincing character relationships, and the conclusion does not feel earned.",negative
"The production makes limited use of its setting, and the performances do little to improve it.",negative
"The production makes limited use of its setting, and the performances do little to improve it.",negative
"The adaptation keeps the dialogue lively, leaving a lasting impression.",positive
The film covers a period of several months. The narrative follows events involving several characters.,neutral
The drama was released in 2011. The production uses a mixture of daytime and nighttime scenes.,neutral
"The drama creates unconvincing character relationships, and the emotional moments rarely feel convincing.",negative
"The thriller creates convincing character relationships, and the story remains interesting throughout.",positive
The film includes scenes set in a school. The narrative follows events involving several characters.,neutral
The film takes place during the summer. The opening scene introduces the main characters.,neutral
"The drama creates unconvincing character relationships, and the emotional moments rarely feel convincing.",negative
"This movie creates memorable scenes, and the performances strengthen the overall experience.",positive
"The film moves at an uneven pace, and the result is difficult to enjoy.",negative
The drama features a cast of six principal actors. The cast includes actors from television and film.,neutral
"The thriller uses its setting effectively, and the story remains interesting throughout.",positive
The film was released in 1998. The plot follows events presented in chronological order.,neutral
"This movie creates unconvincing character relationships, and the conclusion does not feel earned.",negative
The drama covers a period of several months. The story takes place in several locations.,neutral
"The comedy uses its visual style without much purpose, which makes the final result feel unsatisfying.",negative
The drama is set in a large metropolitan area. The story takes place in several locations.,neutral
"The production creates unconvincing character relationships, and the performances do little to improve it.",negative
"The director's work gives the ending enough weight, and the emotional moments feel convincing.",positive
"The production moves naturally between its scenes, making the film easy to recommend.",positive
"The drama develops its characters carefully, and the conclusion feels well earned.",positive
The drama was distributed in several countries. The cast includes actors from television and film.,neutral
The film was adapted from a novel. The opening scene introduces the main characters.,neutral
"The drama develops its characters carefully, and the conclusion feels well earned.",positive
The drama was produced by an independent studio. The cast includes actors from television and film.,neutral
"The production moves naturally between its scenes, making the film easy to recommend.",positive
"The story uses its visual style without much purpose, giving the movie an uneven and frustrating quality.",negative
"The drama keeps its central idea clear, and the conclusion feels well earned.",positive
"The film makes good use of its visual style, and the result is thoroughly enjoyable.",positive
"The story moves at an uneven pace, giving the movie an uneven and frustrating quality.",negative
"The story balances its dramatic moments well, which makes the final result particularly satisfying.",positive
The drama was released in 2014. The production uses a mixture of daytime and nighttime scenes.,neutral
"The thriller creates convincing character relationships, and the story remains interesting throughout.",positive
"The production makes the main characters easy to follow, making the film easy to recommend.",positive
"The cast uses its visual style without much purpose, leaving a disappointing impression.",negative
"The director's work creates unconvincing character relationships, making the movie hard to recommend.",negative
"The cast builds its story with confidence, giving the movie a confident and entertaining quality.",positive
The drama features a cast of six principal actors. The cast includes actors from television and film.,neutral
"The production moves naturally between its scenes, making the film easy to recommend.",positive
The drama was released in 2008. The story takes place in several locations.,neutral
"The film moves at an uneven pace, and the result is difficult to enjoy.",negative
"This movie creates unconvincing character relationships, and the conclusion does not feel earned.",negative
"The story uses humor at appropriate moments, which makes the final result particularly satisfying.",positive
"The thriller makes limited use of its setting, and the story becomes increasingly difficult to follow.",negative
The drama includes scenes set in a school. The cast includes actors from television and film.,neutral
"The production makes the main characters easy to follow, making the film easy to recommend.",positive
The film has a running time of 126 minutes. The narrative follows events involving several characters.,neutral
The drama uses both indoor and outdoor locations. The production uses a mixture of daytime and nighttime scenes.,neutral
The film follows events across several days. The narrative follows events involving several characters.,neutral
The film was filmed in several locations. The story includes scenes from different parts of the town.,neutral
"This movie creates unconvincing character relationships, and the conclusion does not feel earned.",negative
"The drama makes limited use of its setting, and the emotional moments rarely feel convincing.",negative
The film uses both indoor and outdoor locations. The narrative follows events involving several characters.,neutral
"The adaptation moves at an uneven pace, which weakens the overall experience.",negative
The film takes place during the winter. The opening scene introduces the main characters.,neutral
"The production makes the main characters easy to follow, making the film easy to recommend.",positive
"The adaptation handles the central conflict with care, leaving a lasting impression.",positive
"The drama develops its characters carefully, and the conclusion feels well earned.",positive
"The drama creates unconvincing character relationships, and the emotional moments rarely feel convincing.",negative
"The drama develops its characters carefully, and the conclusion feels well earned.",positive
"The drama develops its characters carefully, and the conclusion feels well earned.",positive
The drama was released in 2008. The cast includes actors from television and film.,neutral
The drama includes scenes set in a school. The production includes both indoor and outdoor scenes.,neutral
"The story uses its visual style without much purpose, giving the movie an uneven and frustrating quality.",negative
"The comedy maintains a consistent tone, which gives the movie considerable appeal.",positive
"This movie makes limited use of its setting, and the conclusion does not feel earned.",negative
"The drama was produced by an independent studio. The film contains dialogue, music, and background sound.",neutral
"The thriller creates unconvincing character relationships, and the story becomes increasingly difficult to follow.",negative
"The film makes good use of its visual style, and the result is thoroughly enjoyable.",positive
"The adaptation keeps the dialogue lively, leaving a lasting impression.",positive
The film contains several dialogue scenes. The narrative follows events involving several characters.,neutral
"The drama includes scenes set in a workplace. The film contains dialogue, music, and background sound.",neutral
"The comedy gives the performances room to stand out, which gives the movie considerable appeal.",positive
The drama was released in 2001. The production includes both indoor and outdoor scenes.,neutral
The film is set in a large metropolitan area. The credits list the principal cast members.,neutral
The film contains several dialogue scenes. The credits list the principal cast members.,neutral
"The story balances its dramatic moments well, which makes the final result particularly satisfying.",positive
"The drama makes limited use of its setting, and the emotional moments rarely feel convincing.",negative
"The drama develops its characters carefully, and the conclusion feels well earned.",positive
"The story uses humor at appropriate moments, which makes the final result particularly satisfying.",positive
"The drama develops its characters carefully, and the conclusion feels well earned.",positive
"The film makes good use of its visual style, and the result is thoroughly enjoyable.",positive
"The thriller makes limited use of its setting, and the story becomes increasingly difficult to follow.",negative
The drama has a running time of 104 minutes. The cast includes actors from television and film.,neutral
The drama has a running time of 132 minutes. The story takes place in several locations.,neutral
"This movie creates unconvincing character relationships, and the conclusion does not feel earned.",negative
"The production moves naturally between its scenes, making the film easy to recommend.",positive
"The story balances its dramatic moments well, which makes the final result particularly satisfying.",positive
"The thriller uses its setting effectively, and the story remains interesting throughout.",positive
"The film moves at an uneven pace, and the result is difficult to enjoy.",negative
The drama was released in 2014. The cast includes actors from television and film.,neutral
"The story uses humor at appropriate moments, which makes the final result particularly satisfying.",positive
"The drama makes limited use of its setting, and the emotional moments rarely feel convincing.",negative
The film was released in 2020. The story includes scenes from different parts of the town.,neutral
"The production makes limited use of its setting, and the performances do little to improve it.",negative
"The comedy moves at an uneven pace, which makes the final result feel unsatisfying.",negative
"The film moves at an uneven pace, and the result is difficult to enjoy.",negative
The film covers a period of several months. The story includes scenes from different parts of the town.,neutral
The film was released in 2005. The opening scene introduces the main characters.,neutral
The film was released in 2008. The narrative follows events involving several characters.,neutral
"The adaptation uses its visual style without much purpose, which weakens the overall experience.",negative
"The drama makes limited use of its setting, and the emotional moments rarely feel convincing.",negative
"The director's work makes limited use of its setting, making the movie hard to recommend.",negative
"The director's work gives the ending enough weight, and the emotional moments feel convincing.",positive
"The director's work keeps the audience engaged, and the emotional moments feel convincing.",positive
The film was released in 2011. The story includes scenes from different parts of the town.,neutral
"The production makes the main characters easy to follow, making the film easy to recommend.",positive
"The film moves at an uneven pace, and the result is difficult to enjoy.",negative
"The film moves at an uneven pace, and the result is difficult to enjoy.",negative
"The director's work gives the ending enough weight, and the emotional moments feel convincing.",positive
The film is set in a large metropolitan area. The opening scene introduces the main characters.,neutral
"The drama is set in a large metropolitan area. The film contains dialogue, music, and background sound.",neutral
"The drama develops its characters carefully, and the conclusion feels well earned.",positive
"The cast connects its different storylines effectively, giving the movie a confident and entertaining quality.",positive
"The story balances its dramatic moments well, which makes the final result particularly satisfying.",positive
The film was released in 2017. The narrative follows events involving several characters.,neutral
"The adaptation handles the central conflict with care, leaving a lasting impression.",positive
The drama uses both indoor and outdoor locations. The production uses a mixture of daytime and nighttime scenes.,neutral
"The production makes limited use of its setting, and the performances do little to improve it.",negative
"The drama was released in 2014. The film contains dialogue, music, and background sound.",neutral
"The thriller creates unconvincing character relationships, and the story becomes increasingly difficult to follow.",negative
"The film makes good use of its visual style, and the result is thoroughly enjoyable.",positive
"This movie creates unconvincing character relationships, and the conclusion does not feel earned.",negative
"The drama makes limited use of its setting, and the emotional moments rarely feel convincing.",negative
"The director's work keeps the audience engaged, and the emotional moments feel convincing.",positive
"The adaptation uses its visual style without much purpose, which weakens the overall experience.",negative
"The drama keeps its central idea clear, and the conclusion feels well earned.",positive
"The production makes limited use of its setting, and the performances do little to improve it.",negative
"This movie turns a simple premise into an engaging story, and the performances strengthen the overall experience.",positive
"The production makes limited use of its setting, and the performances do little to improve it.",negative
"The comedy moves at an uneven pace, which makes the final result feel unsatisfying.",negative
The film has a running time of 126 minutes. The credits list the principal cast members.,neutral
"The thriller creates convincing character relationships, and the story remains interesting throughout.",positive
The drama was distributed in several countries. The story takes place in several locations.,neutral
The film was released in 2005. The opening scene introduces the main characters.,neutral
The film was released in 2011. The narrative follows events involving several characters.,neutral
"The film maintains a strong pace, and the result is thoroughly enjoyable.",positive
"This movie creates unconvincing character relationships, and the conclusion does not feel earned.",negative
"The story moves at an uneven pace, giving the movie an uneven and frustrating quality.",negative
"This movie makes limited use of its setting, and the conclusion does not feel earned.",negative
"This movie makes limited use of its setting, and the conclusion does not feel earned.",negative
The drama uses both indoor and outdoor locations. The production includes both indoor and outdoor scenes.,neutral
The film has a running time of 132 minutes. The story includes scenes from different parts of the town.,neutral
"The director's work makes limited use of its setting, making the movie hard to recommend.",negative
The film was distributed in several countries. The credits list the principal cast members.,neutral
"The comedy maintains a consistent tone, which gives the movie considerable appeal.",positive
The drama was produced by an independent studio. The story takes place in several locations.,neutral
"The drama keeps its central idea clear, and the conclusion feels well earned.",positive
"The comedy uses its visual style without much purpose, which makes the final result feel unsatisfying.",negative
The film was released in 1998. The credits list the principal cast members.,neutral
"The adaptation keeps the dialogue lively, leaving a lasting impression.",positive
"The adaptation keeps the dialogue lively, leaving a lasting impression.",positive
"The production creates unconvincing character relationships, and the performances do little to improve it.",negative
"The story uses its visual style without much purpose, giving the movie an uneven and frustrating quality.",negative
"The film uses its visual style without much purpose, and the result is difficult to enjoy.",negative
The film covers a period of several months. The credits list the principal cast members.,neutral
"This movie makes limited use of its setting, and the conclusion does not feel earned.",negative
"The drama contains several dialogue scenes. The film contains dialogue, music, and background sound.",neutral
"The drama keeps its central idea clear, and the conclusion feels well earned.",positive
"The thriller creates unconvincing character relationships, and the story becomes increasingly difficult to follow.",negative
The film takes place during the summer. The credits list the principal cast members.,neutral
"The thriller makes limited use of its setting, and the story becomes increasingly difficult to follow.",negative
"The story uses humor at appropriate moments, which makes the final result particularly satisfying.",positive
"The story moves at an uneven pace, giving the movie an uneven and frustrating quality.",negative
"The adaptation keeps the dialogue lively, leaving a lasting impression.",positive
"The comedy maintains a consistent tone, which gives the movie considerable appeal.",positive
"The director's work gives the ending enough weight, and the emotional moments feel convincing.",positive
"The thriller uses its setting effectively, and the story remains interesting throughout.",positive
"The drama makes limited use of its setting, and the emotional moments rarely feel convincing.",negative
The film features a cast of six principal actors. The plot follows events presented in chronological order.,neutral
The drama was filmed in color. The production uses a mixture of daytime and nighttime scenes.,neutral
The drama includes scenes set in a school. The story takes place in several locations.,neutral
"The drama creates unconvincing character relationships, and the emotional moments rarely feel convincing.",negative
The drama has a running time of 104 minutes. The cast includes actors from television and film.,neutral
The drama was filmed in several locations. The story takes place in several locations.,neutral
"The cast builds its story with confidence, giving the movie a confident and entertaining quality.",positive
"The cast connects its different storylines effectively, giving the movie a confident and entertaining quality.",positive
"The film moves at an uneven pace, and the result is difficult to enjoy.",negative
"The adaptation handles the central conflict with care, leaving a lasting impression.",positive
"This movie creates unconvincing character relationships, and the conclusion does not feel earned.",negative
"The production makes limited use of its setting, and the performances do little to improve it.",negative
"The director's work keeps the audience engaged, and the emotional moments feel convincing.",positive
"The story moves at an uneven pace, giving the movie an uneven and frustrating quality.",negative
"The film uses its visual style without much purpose, and the result is difficult to enjoy.",negative
"The film makes good use of its visual style, and the result is thoroughly enjoyable.",positive
The film was produced by an independent studio. The opening scene introduces the main characters.,neutral
"The director's work gives the ending enough weight, and the emotional moments feel convincing.",positive
"The film makes good use of its visual style, and the result is thoroughly enjoyable.",positive
"The film uses its visual style without much purpose, and the result is difficult to enjoy.",negative
The film was released in 2014. The narrative follows events involving several characters.,neutral
"The film uses its visual style without much purpose, and the result is difficult to enjoy.",negative
"The comedy gives the performances room to stand out, which gives the movie considerable appeal.",positive
"The director's work keeps the audience engaged, and the emotional moments feel convincing.",positive
"The production creates unconvincing character relationships, and the performances do little to improve it.",negative
"The production moves naturally between its scenes, making the film easy to recommend.",positive
"The adaptation uses its visual style without much purpose, which weakens the overall experience.",negative
"The adaptation keeps the dialogue lively, leaving a lasting impression.",positive
The drama was released in 2017. The production includes both indoor and outdoor scenes.,neutral
"The thriller creates unconvincing character relationships, and the story becomes increasingly difficult to follow.",negative
"The story balances its dramatic moments well, which makes the final result particularly satisfying.",positive
The drama was filmed in color. The production includes both indoor and outdoor scenes.,neutral
"The director's work creates unconvincing character relationships, making the movie hard to recommend.",negative
The film was distributed in several countries. The plot follows events presented in chronological order.,neutral
"The adaptation handles the central conflict with care, leaving a lasting impression.",positive
The film has a running time of 132 minutes. The story includes scenes from different parts of the town.,neutral
The film was released in 2017. The story includes scenes from different parts of the town.,neutral
The drama was released in 2001. The production uses a mixture of daytime and nighttime scenes.,neutral
"The drama takes place during the summer. The film contains dialogue, music, and background sound.",neutral
The drama was filmed in color. The production includes both indoor and outdoor scenes.,neutral
"The drama creates unconvincing character relationships, and the emotional moments rarely feel convincing.",negative
"The adaptation moves at an uneven pace, which weakens the overall experience.",negative
"This movie creates unconvincing character relationships, and the conclusion does not feel earned.",negative
"The comedy moves at an uneven pace, which makes the final result feel unsatisfying.",negative
"The drama keeps its central idea clear, and the conclusion feels well earned.",positive
The drama has a running time of 118 minutes. The story takes place in several locations.,neutral
"The director's work keeps the audience engaged, and the emotional moments feel convincing.",positive
"The director's work creates unconvincing character relationships, making the movie hard to recommend.",negative
"The adaptation keeps the dialogue lively, leaving a lasting impression.",positive
The film takes place during the winter. The opening scene introduces the main characters.,neutral
The film uses English as its primary language. The credits list the principal cast members.,neutral
"The director's work creates unconvincing character relationships, making the movie hard to recommend.",negative
"This movie turns a simple premise into an engaging story, and the performances strengthen the overall experience.",positive
The film was released in 2008. The narrative follows events involving several characters.,neutral
"The adaptation uses its visual style without much purpose, which weakens the overall experience.",negative
"The cast builds its story with confidence, giving the movie a confident and entertaining quality.",positive
"The thriller makes limited use of its setting, and the story becomes increasingly difficult to follow.",negative
"This movie makes limited use of its setting, and the conclusion does not feel earned.",negative
"The adaptation uses its visual style without much purpose, which weakens the overall experience.",negative
"The drama makes limited use of its setting, and the emotional moments rarely feel convincing.",negative
The drama was filmed in color. The production uses a mixture of daytime and nighttime scenes.,neutral
"The cast uses its visual style without much purpose, leaving a disappointing impression.",negative
"The director's work makes limited use of its setting, making the movie hard to recommend.",negative
The film has a running time of 104 minutes. The plot follows events presented in chronological order.,neutral
"The drama creates unconvincing character relationships, and the emotional moments rarely feel convincing.",negative
The film was produced by an independent studio. The plot follows events presented in chronological order.,neutral
"The cast connects its different storylines effectively, giving the movie a confident and entertaining quality.",positive
"The story uses humor at appropriate moments, which makes the final result particularly satisfying.",positive
The film has a running time of 118 minutes. The narrative follows events involving several characters.,neutral
"The comedy moves at an uneven pace, which makes the final result feel unsatisfying.",negative
The drama has a running time of 132 minutes. The production includes both indoor and outdoor scenes.,neutral
"The comedy gives the performances room to stand out, which gives the movie considerable appeal.",positive
The film was released in 2011. The credits list the principal cast members.,neutral
The film was adapted from a novel. The story includes scenes from different parts of the town.,neutral
"The thriller creates convincing character relationships, and the story remains interesting throughout.",positive
"This movie makes limited use of its setting, and the conclusion does not feel earned.",negative
"The thriller uses its setting effectively, and the story remains interesting throughout.",positive
"The drama has a running time of 118 minutes. The film contains dialogue, music, and background sound.",neutral
"This movie creates memorable scenes, and the performances strengthen the overall experience.",positive
The film uses English as its primary language. The opening scene introduces the main characters.,neutral
"The adaptation handles the central conflict with care, leaving a lasting impression.",positive
"The director's work keeps the audience engaged, and the emotional moments feel convincing.",positive
The film has a running time of 132 minutes. The opening scene introduces the main characters.,neutral
The film features a cast of six principal actors. The narrative follows events involving several characters.,neutral
"The production moves naturally between its scenes, making the film easy to recommend.",positive
"The adaptation handles the central conflict with care, leaving a lasting impression.",positive
The film was produced by an independent studio. The credits list the principal cast members.,neutral
The film features a cast of six principal actors. The credits list the principal cast members.,neutral
"The story balances its dramatic moments well, which makes the final result particularly satisfying.",positive
"The director's work makes limited use of its setting, making the movie hard to recommend.",negative
The film has a running time of 104 minutes. The narrative follows events involving several characters.,neutral
"The comedy moves at an uneven pace, which makes the final result feel unsatisfying.",negative
"The story balances its dramatic moments well, which makes the final result particularly satisfying.",positive
"The director's work creates unconvincing character relationships, making the movie hard to recommend.",negative
"The production moves naturally between its scenes, making the film easy to recommend.",positive
"The comedy gives the performances room to stand out, which gives the movie considerable appeal.",positive
"This movie turns a simple premise into an engaging story, and the performances strengthen the overall experience.",positive
"The drama develops its characters carefully, and the conclusion feels well earned.",positive
The film takes place during the winter. The narrative follows events involving several characters.,neutral
"This movie creates unconvincing character relationships, and the conclusion does not feel earned.",negative
"The director's work keeps the audience engaged, and the emotional moments feel convincing.",positive
The drama was filmed in color. The cast includes actors from television and film.,neutral
The film was released in 2001. The story includes scenes from different parts of the town.,neutral
"This movie creates unconvincing character relationships, and the conclusion does not feel earned.",negative
"The film moves at an uneven pace, and the result is difficult to enjoy.",negative
"The director's work gives the ending enough weight, and the emotional moments feel convincing.",positive
"The drama uses English as its primary language. The film contains dialogue, music, and background sound.",neutral
The film was distributed in several countries. The opening scene introduces the main characters.,neutral
"This movie creates memorable scenes, and the performances strengthen the overall experience.",positive
"The film maintains a strong pace, and the result is thoroughly enjoyable.",positive
"The adaptation uses its visual style without much purpose, which weakens the overall experience.",negative
The drama includes scenes set in a workplace. The production uses a mixture of daytime and nighttime scenes.,neutral
"The thriller uses its setting effectively, and the story remains interesting throughout.",positive
"The drama keeps its central idea clear, and the conclusion feels well earned.",positive
"The story uses its visual style without much purpose, giving the movie an uneven and frustrating quality.",negative
The film has a running time of 118 minutes. The narrative follows events involving several characters.,neutral
"The production creates unconvincing character relationships, and the performances do little to improve it.",negative
"The drama keeps its central idea clear, and the conclusion feels well earned.",positive
"The production creates unconvincing character relationships, and the performances do little to improve it.",negative
"The production makes limited use of its setting, and the performances do little to improve it.",negative
"The drama develops its characters carefully, and the conclusion feels well earned.",positive
"The drama creates unconvincing character relationships, and the emotional moments rarely feel convincing.",negative
"The comedy moves at an uneven pace, which makes the final result feel unsatisfying.",negative
"This movie creates memorable scenes, and the performances strengthen the overall experience.",positive
"The adaptation handles the central conflict with care, leaving a lasting impression.",positive
The drama follows events across several days. The production uses a mixture of daytime and nighttime scenes.,neutral
"The adaptation keeps the dialogue lively, leaving a lasting impression.",positive
"The director's work creates unconvincing character relationships, making the movie hard to recommend.",negative
"The adaptation moves at an uneven pace, which weakens the overall experience.",negative
The drama uses English as its primary language. The production includes both indoor and outdoor scenes.,neutral
"The drama develops its characters carefully, and the conclusion feels well earned.",positive
The drama contains several dialogue scenes. The production includes both indoor and outdoor scenes.,neutral
"The film maintains a strong pace, and the result is thoroughly enjoyable.",positive
The drama has a running time of 132 minutes. The cast includes actors from television and film.,neutral
"The story uses humor at appropriate moments, which makes the final result particularly satisfying.",positive
"The production moves naturally between its scenes, making the film easy to recommend.",positive
The film was released in 2014. The story includes scenes from different parts of the town.,neutral
"The film maintains a strong pace, and the result is thoroughly enjoyable.",positive
"The comedy maintains a consistent tone, which gives the movie considerable appeal.",positive
"The film uses its visual style without much purpose, and the result is difficult to enjoy.",negative
"The comedy gives the performances room to stand out, which gives the movie considerable appeal.",positive
"The comedy maintains a consistent tone, which gives the movie considerable appeal.",positive
"The director's work gives the ending enough weight, and the emotional moments feel convincing.",positive
"The film uses its visual style without much purpose, and the result is difficult to enjoy.",negative
"The drama keeps its central idea clear, and the conclusion feels well earned.",positive
"The drama makes limited use of its setting, and the emotional moments rarely feel convincing.",negative
"The film maintains a strong pace, and the result is thoroughly enjoyable.",positive
"The adaptation keeps the dialogue lively, leaving a lasting impression.",positive
"The director's work creates unconvincing character relationships, making the movie hard to recommend.",negative
The film was released in 2005. The credits list the principal cast members.,neutral
The film was released in 2001. The narrative follows events involving several characters.,neutral
"This movie makes limited use of its setting, and the conclusion does not feel earned.",negative
"This movie makes limited use of its setting, and the conclusion does not feel earned.",negative
"This movie creates memorable scenes, and the performances strengthen the overall experience.",positive
"The adaptation keeps the dialogue lively, leaving a lasting impression.",positive
"The thriller creates convincing character relationships, and the story remains interesting throughout.",positive
"The drama is set in a small coastal town. The film contains dialogue, music, and background sound.",neutral
"The thriller creates convincing character relationships, and the story remains interesting throughout.",positive
"The adaptation keeps the dialogue lively, leaving a lasting impression.",positive
"The adaptation uses its visual style without much purpose, which weakens the overall experience.",negative
"The drama makes limited use of its setting, and the emotional moments rarely feel convincing.",negative
The film takes place during the winter. The plot follows events presented in chronological order.,neutral
"The film maintains a strong pace, and the result is thoroughly enjoyable.",positive
"The film maintains a strong pace, and the result is thoroughly enjoyable.",positive
"The story moves at an uneven pace, giving the movie an uneven and frustrating quality.",negative
"The drama keeps its central idea clear, and the conclusion feels well earned.",positive
"The comedy moves at an uneven pace, which makes the final result feel unsatisfying.",negative
The film was released in 2011. The story includes scenes from different parts of the town.,neutral
The drama was filmed in several locations. The production includes both indoor and outdoor scenes.,neutral
"The thriller creates unconvincing character relationships, and the story becomes increasingly difficult to follow.",negative
"This movie makes limited use of its setting, and the conclusion does not feel earned.",negative
"The drama creates unconvincing character relationships, and the emotional moments rarely feel convincing.",negative
"The director's work creates unconvincing character relationships, making the movie hard to recommend.",negative
The film is set in a small coastal town. The opening scene introduces the main characters.,neutral
The film uses both indoor and outdoor locations. The narrative follows events involving several characters.,neutral
The drama was released in 1998. The production includes both indoor and outdoor scenes.,neutral
"The production creates unconvincing character relationships, and the performances do little to improve it.",negative
"The drama makes limited use of its setting, and the emotional moments rarely feel convincing.",negative
"The thriller makes limited use of its setting, and the story becomes increasingly difficult to follow.",negative
"The story balances its dramatic moments well, which makes the final result particularly satisfying.",positive
"The story moves at an uneven pace, giving the movie an uneven and frustrating quality.",negative
The drama includes scenes set in a workplace. The story takes place in several locations.,neutral
"The film uses its visual style without much purpose, and the result is difficult to enjoy.",negative
"The drama was released in 2011. The film contains dialogue, music, and background sound.",neutral
"The comedy uses its visual style without much purpose, which makes the final result feel unsatisfying.",negative
The drama was filmed in several locations. The cast includes actors from television and film.,neutral
"The drama keeps its central idea clear, and the conclusion feels well earned.",positive
The film takes place during the summer. The story includes scenes from different parts of the town.,neutral
"The film moves at an uneven pace, and the result is difficult to enjoy.",negative
"This movie creates memorable scenes, and the performances strengthen the overall experience.",positive
"The drama keeps its central idea clear, and the conclusion feels well earned.",positive
"The cast connects its different storylines effectively, giving the movie a confident and entertaining quality.",positive
The film was released in 2001. The credits list the principal cast members.,neutral
The film was distributed in several countries. The story includes scenes from different parts of the town.,neutral
"The director's work gives the ending enough weight, and the emotional moments feel convincing.",positive
"The thriller uses its setting effectively, and the story remains interesting throughout.",positive
"The production creates unconvincing character relationships, and the performances do little to improve it.",negative
"This movie turns a simple premise into an engaging story, and the performances strengthen the overall experience.",positive
The film has a running time of 118 minutes. The credits list the principal cast members.,neutral
"The story moves at an uneven pace, giving the movie an uneven and frustrating quality.",negative
"This movie makes limited use of its setting, and the conclusion does not feel earned.",negative
"The comedy gives the performances room to stand out, which gives the movie considerable appeal.",positive
"This movie creates memorable scenes, and the performances strengthen the overall experience.",positive
"The film uses its visual style without much purpose, and the result is difficult to enjoy.",negative
"The film uses its visual style without much purpose, and the result is difficult to enjoy.",negative
The drama contains several dialogue scenes. The story takes place in several locations.,neutral
"The drama makes limited use of its setting, and the emotional moments rarely feel convincing.",negative
The drama features a cast of six principal actors. The production uses a mixture of daytime and nighttime scenes.,neutral
"The comedy moves at an uneven pace, which makes the final result feel unsatisfying.",negative
The film was released in 2011. The story includes scenes from different parts of the town.,neutral
"The adaptation handles the central conflict with care, leaving a lasting impression.",positive
"The thriller uses its setting effectively, and the story remains interesting throughout.",positive
"The story uses its visual style without much purpose, giving the movie an uneven and frustrating quality.",negative
The film covers a period of several months. The story includes scenes from different parts of the town.,neutral
"The thriller creates unconvincing character relationships, and the story becomes increasingly difficult to follow.",negative
The film has a running time of 126 minutes. The narrative follows events involving several characters.,neutral
"The cast uses its visual style without much purpose, leaving a disappointing impression.",negative
"The production creates unconvincing character relationships, and the performances do little to improve it.",negative
"The film makes good use of its visual style, and the result is thoroughly enjoyable.",positive
"The film maintains a strong pace, and the result is thoroughly enjoyable.",positive
"The drama makes limited use of its setting, and the emotional moments rarely feel convincing.",negative
"The film uses its visual style without much purpose, and the result is difficult to enjoy.",negative
"The story moves at an uneven pace, giving the movie an uneven and frustrating quality.",negative
The film has a running time of 132 minutes. The opening scene introduces the main characters.,neutral
"The thriller makes limited use of its setting, and the story becomes increasingly difficult to follow.",negative
The drama was adapted from a novel. The story takes place in several locations.,neutral
"The director's work keeps the audience engaged, and the emotional moments feel convincing.",positive
"This movie creates memorable scenes, and the performances strengthen the overall experience.",positive
"The comedy moves at an uneven pace, which makes the final result feel unsatisfying.",negative
"The director's work makes limited use of its setting, making the movie hard to recommend.",negative
"The adaptation handles the central conflict with care, leaving a lasting impression.",positive
The film was released in 2011. The plot follows events presented in chronological order.,neutral
"The drama creates unconvincing character relationships, and the emotional moments rarely feel convincing.",negative
The drama follows events across several days. The cast includes actors from television and film.,neutral
"The comedy moves at an uneven pace, which makes the final result feel unsatisfying.",negative
The film was released in 2005. The plot follows events presented in chronological order.,neutral
The drama is set in a large metropolitan area. The cast includes actors from television and film.,neutral
"The director's work gives the ending enough weight, and the emotional moments feel convincing.",positive
"The film uses its visual style without much purpose, and the result is difficult to enjoy.",negative
The film has a running time of 126 minutes. The opening scene introduces the main characters.,neutral
"The story balances its dramatic moments well, which makes the final result particularly satisfying.",positive
The drama has a running time of 104 minutes. The production uses a mixture of daytime and nighttime scenes.,neutral
"The cast uses its visual style without much purpose, leaving a disappointing impression.",negative
"The film uses its visual style without much purpose, and the result is difficult to enjoy.",negative
"The film maintains a strong pace, and the result is thoroughly enjoyable.",positive
"The cast builds its story with confidence, giving the movie a confident and entertaining quality.",positive
"This movie turns a simple premise into an engaging story, and the performances strengthen the overall experience.",positive
The film was released in 2005. The narrative follows events involving several characters.,neutral
The film uses English as its primary language. The credits list the principal cast members.,neutral
"The comedy gives the performances room to stand out, which gives the movie considerable appeal.",positive
"The cast moves at an uneven pace, leaving a disappointing impression.",negative
The drama follows events across several days. The production includes both indoor and outdoor scenes.,neutral
"The drama creates unconvincing character relationships, and the emotional moments rarely feel convincing.",negative
"This movie creates unconvincing character relationships, and the conclusion does not feel earned.",negative
The film contains several dialogue scenes. The opening scene introduces the main characters.,neutral
"The thriller creates unconvincing character relationships, and the story becomes increasingly difficult to follow.",negative
The film is set in a small coastal town. The plot follows events presented in chronological order.,neutral
The drama was released in 2020. The production uses a mixture of daytime and nighttime scenes.,neutral
"The director's work gives the ending enough weight, and the emotional moments feel convincing.",positive
"The thriller creates convincing character relationships, and the story remains interesting throughout.",positive
"The film moves at an uneven pace, and the result is difficult to enjoy.",negative
"The production moves naturally between its scenes, making the film easy to recommend.",positive
"The production creates unconvincing character relationships, and the performances do little to improve it.",negative
"The drama was produced by an independent studio. The film contains dialogue, music, and background sound.",neutral
"The director's work makes limited use of its setting, making the movie hard to recommend.",negative
"The cast connects its different storylines effectively, giving the movie a confident and entertaining quality.",positive
"The director's work keeps the audience engaged, and the emotional moments feel convincing.",positive
"The production makes limited use of its setting, and the performances do little to improve it.",negative
"This movie makes limited use of its setting, and the conclusion does not feel earned.",negative
"The cast uses its visual style without much purpose, leaving a disappointing impression.",negative
"The thriller creates convincing character relationships, and the story remains interesting throughout.",positive
"The story uses humor at appropriate moments, which makes the final result particularly satisfying.",positive
"The drama contains several dialogue scenes. The film contains dialogue, music, and background sound.",neutral
"The director's work gives the ending enough weight, and the emotional moments feel convincing.",positive
"The film moves at an uneven pace, and the result is difficult to enjoy.",negative
"The comedy moves at an uneven pace, which makes the final result feel unsatisfying.",negative
"The film moves at an uneven pace, and the result is difficult to enjoy.",negative
"This movie creates unconvincing character relationships, and the conclusion does not feel earned.",negative
"This movie creates unconvincing character relationships, and the conclusion does not feel earned.",negative
"The film makes good use of its visual style, and the result is thoroughly enjoyable.",positive
"The drama was released in 2005. The film contains dialogue, music, and background sound.",neutral
"The cast connects its different storylines effectively, giving the movie a confident and entertaining quality.",positive
"The comedy moves at an uneven pace, which makes the final result feel unsatisfying.",negative
"The thriller uses its setting effectively, and the story remains interesting throughout.",positive
"The director's work gives the ending enough weight, and the emotional moments feel convincing.",positive
"The production moves naturally between its scenes, making the film easy to recommend.",positive
The drama has a running time of 104 minutes. The story takes place in several locations.,neutral
The film follows events across several days. The narrative follows events involving several characters.,neutral
"The production makes limited use of its setting, and the performances do little to improve it.",negative
"The drama makes limited use of its setting, and the emotional moments rarely feel convincing.",negative
"The production creates unconvincing character relationships, and the performances do little to improve it.",negative
"The thriller creates unconvincing character relationships, and the story becomes increasingly difficult to follow.",negative
The drama was released in 2020. The production includes both indoor and outdoor scenes.,neutral
"The film makes good use of its visual style, and the result is thoroughly enjoyable.",positive
"This movie creates memorable scenes, and the performances strengthen the overall experience.",positive
"The film uses its visual style without much purpose, and the result is difficult to enjoy.",negative
"The comedy gives the performances room to stand out, which gives the movie considerable appeal.",positive
The drama was released in 2017. The production includes both indoor and outdoor scenes.,neutral
The film uses English as its primary language. The opening scene introduces the main characters.,neutral
"The drama creates unconvincing character relationships, and the emotional moments rarely feel convincing.",negative
"The cast connects its different storylines effectively, giving the movie a confident and entertaining quality.",positive
"The cast moves at an uneven pace, leaving a disappointing impression.",negative
"The adaptation keeps the dialogue lively, leaving a lasting impression.",positive
The drama contains several dialogue scenes. The production includes both indoor and outdoor scenes.,neutral
The drama was adapted from a novel. The cast includes actors from television and film.,neutral
The drama takes place during the summer. The cast includes actors from television and film.,neutral
"The thriller makes limited use of its setting, and the story becomes increasingly difficult to follow.",negative
The drama is set in a small coastal town. The production uses a mixture of daytime and nighttime scenes.,neutral
"The production creates unconvincing character relationships, and the performances do little to improve it.",negative
The film features a cast of six principal actors. The narrative follows events involving several characters.,neutral
The film takes place during the winter. The narrative follows events involving several characters.,neutral
"The drama was released in 2001. The film contains dialogue, music, and background sound.",neutral
"This movie turns a simple premise into an engaging story, and the performances strengthen the overall experience.",positive
"The film uses its visual style without much purpose, and the result is difficult to enjoy.",negative
The drama covers a period of several months. The production includes both indoor and outdoor scenes.,neutral
The film covers a period of several months. The opening scene introduces the main characters.,neutral
"The adaptation keeps the dialogue lively, leaving a lasting impression.",positive
"The story uses humor at appropriate moments, which makes the final result particularly satisfying.",positive
"The cast moves at an uneven pace, leaving a disappointing impression.",negative
"The cast moves at an uneven pace, leaving a disappointing impression.",negative
"The comedy gives the performances room to stand out, which gives the movie considerable appeal.",positive
"The thriller creates unconvincing character relationships, and the story becomes increasingly difficult to follow.",negative
"The comedy maintains a consistent tone, which gives the movie considerable appeal.",positive
"The story moves at an uneven pace, giving the movie an uneven and frustrating quality.",negative
The film was released in 2008. The plot follows events presented in chronological order.,neutral
The drama takes place during the winter. The cast includes actors from television and film.,neutral
"The film maintains a strong pace, and the result is thoroughly enjoyable.",positive
The film takes place during the summer. The story includes scenes from different parts of the town.,neutral
"The film makes good use of its visual style, and the result is thoroughly enjoyable.",positive
"The film moves at an uneven pace, and the result is difficult to enjoy.",negative
The film contains several dialogue scenes. The credits list the principal cast members.,neutral
The drama was released in 1998. The cast includes actors from television and film.,neutral
The drama is set in a small coastal town. The production uses a mixture of daytime and nighttime scenes.,neutral
"The film uses its visual style without much purpose, and the result is difficult to enjoy.",negative
"The adaptation handles the central conflict with care, leaving a lasting impression.",positive
"The adaptation keeps the dialogue lively, leaving a lasting impression.",positive
"The thriller creates unconvincing character relationships, and the story becomes increasingly difficult to follow.",negative
"The thriller makes limited use of its setting, and the story becomes increasingly difficult to follow.",negative
The drama is set in a large metropolitan area. The production includes both indoor and outdoor scenes.,neutral
"The thriller makes limited use of its setting, and the story becomes increasingly difficult to follow.",negative
"The thriller makes limited use of its setting, and the story becomes increasingly difficult to follow.",negative
"The drama keeps its central idea clear, and the conclusion feels well earned.",positive
The film was filmed in several locations. The opening scene introduces the main characters.,neutral
The film has a running time of 126 minutes. The plot follows events presented in chronological order.,neutral
"The drama develops its characters carefully, and the conclusion feels well earned.",positive
The drama contains several dialogue scenes. The production uses a mixture of daytime and nighttime scenes.,neutral
The film was filmed in color. The narrative follows events involving several characters.,neutral
The film includes scenes set in a school. The plot follows events presented in chronological order.,neutral
"The production makes the main characters easy to follow, making the film easy to recommend.",positive
The drama uses English as its primary language. The story takes place in several locations.,neutral
"The director's work creates unconvincing character relationships, making the movie hard to recommend.",negative
"The comedy gives the performances room to stand out, which gives the movie considerable appeal.",positive
The film covers a period of several months. The plot follows events presented in chronological order.,neutral
"The comedy maintains a consistent tone, which gives the movie considerable appeal.",positive
The drama was released in 2008. The story takes place in several locations.,neutral
"The thriller makes limited use of its setting, and the story becomes increasingly difficult to follow.",negative
The film was adapted from a novel. The story includes scenes from different parts of the town.,neutral
"The production makes limited use of its setting, and the performances do little to improve it.",negative
The film was released in 2005. The story includes scenes from different parts of the town.,neutral
"The director's work keeps the audience engaged, and the emotional moments feel convincing.",positive
"The director's work makes limited use of its setting, making the movie hard to recommend.",negative
The film has a running time of 118 minutes. The story includes scenes from different parts of the town.,neutral
The drama includes scenes set in a workplace. The cast includes actors from television and film.,neutral
The film was released in 2020. The opening scene introduces the main characters.,neutral
The drama was released in 2001. The cast includes actors from television and film.,neutral
"The thriller makes limited use of its setting, and the story becomes increasingly difficult to follow.",negative
"The production creates unconvincing character relationships, and the performances do little to improve it.",negative
"The director's work keeps the audience engaged, and the emotional moments feel convincing.",positive
"The comedy uses its visual style without much purpose, which makes the final result feel unsatisfying.",negative
"The cast uses its visual style without much purpose, leaving a disappointing impression.",negative
The film was released in 1998. The story includes scenes from different parts of the town.,neutral
"The director's work gives the ending enough weight, and the emotional moments feel convincing.",positive
"The comedy gives the performances room to stand out, which gives the movie considerable appeal.",positive
The film uses both indoor and outdoor locations. The credits list the principal cast members.,neutral
"The story uses humor at appropriate moments, which makes the final result particularly satisfying.",positive
"The comedy moves at an uneven pace, which makes the final result feel unsatisfying.",negative
The film is set in a small coastal town. The story includes scenes from different parts of the town.,neutral
The film was released in 2005. The plot follows events presented in chronological order.,neutral
"The film makes good use of its visual style, and the result is thoroughly enjoyable.",positive
The film has a running time of 126 minutes. The credits list the principal cast members.,neutral
"The film makes good use of its visual style, and the result is thoroughly enjoyable.",positive
The film was released in 2011. The narrative follows events involving several characters.,neutral
"The cast connects its different storylines effectively, giving the movie a confident and entertaining quality.",positive
"This movie turns a simple premise into an engaging story, and the performances strengthen the overall experience.",positive
"The production creates unconvincing character relationships, and the performances do little to improve it.",negative
"The comedy uses its visual style without much purpose, which makes the final result feel unsatisfying.",negative
"The film moves at an uneven pace, and the result is difficult to enjoy.",negative
"The adaptation keeps the dialogue lively, leaving a lasting impression.",positive
"The drama keeps its central idea clear, and the conclusion feels well earned.",positive
"The cast moves at an uneven pace, leaving a disappointing impression.",negative
"The story moves at an uneven pace, giving the movie an uneven and frustrating quality.",negative
The film was adapted from a novel. The story includes scenes from different parts of the town.,neutral
"The director's work makes limited use of its setting, making the movie hard to recommend.",negative
"The film makes good use of its visual style, and the result is thoroughly enjoyable.",positive
"This movie creates memorable scenes, and the performances strengthen the overall experience.",positive
"The production moves naturally between its scenes, making the film easy to recommend.",positive
"This movie turns a simple premise into an engaging story, and the performances strengthen the overall experience.",positive
"The story uses humor at appropriate moments, which makes the final result particularly satisfying.",positive
"The drama develops its characters carefully, and the conclusion feels well earned.",positive
"The story balances its dramatic moments well, which makes the final result particularly satisfying.",positive
"The drama was filmed in several locations. The film contains dialogue, music, and background sound.",neutral
The drama was released in 2005. The production includes both indoor and outdoor scenes.,neutral
"This movie turns a simple premise into an engaging story, and the performances strengthen the overall experience.",positive
"The cast builds its story with confidence, giving the movie a confident and entertaining quality.",positive
"The cast builds its story with confidence, giving the movie a confident and entertaining quality.",positive
The drama takes place during the winter. The production includes both indoor and outdoor scenes.,neutral
"The adaptation moves at an uneven pace, which weakens the overall experience.",negative
"This movie makes limited use of its setting, and the conclusion does not feel earned.",negative
"The director's work makes limited use of its setting, making the movie hard to recommend.",negative
"The thriller makes limited use of its setting, and the story becomes increasingly difficult to follow.",negative
The drama is set in a small coastal town. The cast includes actors from television and film.,neutral
The film includes scenes set in a school. The opening scene introduces the main characters.,neutral
"The comedy gives the performances room to stand out, which gives the movie considerable appeal.",positive
"The story moves at an uneven pace, giving the movie an uneven and frustrating quality.",negative
"The thriller creates convincing character relationships, and the story remains interesting throughout.",positive
The film was released in 2020. The story includes scenes from different parts of the town.,neutral
"The adaptation keeps the dialogue lively, leaving a lasting impression.",positive
The film covers a period of several months. The plot follows events presented in chronological order.,neutral
"This movie turns a simple premise into an engaging story, and the performances strengthen the overall experience.",positive
"This movie creates memorable scenes, and the performances strengthen the overall experience.",positive
"The director's work gives the ending enough weight, and the emotional moments feel convincing.",positive
"The drama develops its characters carefully, and the conclusion feels well earned.",positive
The film has a running time of 132 minutes. The credits list the principal cast members.,neutral
"The drama makes limited use of its setting, and the emotional moments rarely feel convincing.",negative
"The production moves naturally between its scenes, making the film easy to recommend.",positive
"The production moves naturally between its scenes, making the film easy to recommend.",positive
"The adaptation moves at an uneven pace, which weakens the overall experience.",negative
"The story uses its visual style without much purpose, giving the movie an uneven and frustrating quality.",negative
"The film makes good use of its visual style, and the result is thoroughly enjoyable.",positive
"The thriller uses its setting effectively, and the story remains interesting throughout.",positive
"The thriller creates unconvincing character relationships, and the story becomes increasingly difficult to follow.",negative
"The story moves at an uneven pace, giving the movie an uneven and frustrating quality.",negative
"The film moves at an uneven pace, and the result is difficult to enjoy.",negative
"The cast uses its visual style without much purpose, leaving a disappointing impression.",negative
"The story moves at an uneven pace, giving the movie an uneven and frustrating quality.",negative
"The film makes good use of its visual style, and the result is thoroughly enjoyable.",positive
"The film maintains a strong pace, and the result is thoroughly enjoyable.",positive
The drama was adapted from a novel. The production uses a mixture of daytime and nighttime scenes.,neutral
The film was released in 2020. The opening scene introduces the main characters.,neutral
"The adaptation moves at an uneven pace, which weakens the overall experience.",negative
"The drama develops its characters carefully, and the conclusion feels well earned.",positive
"The cast builds its story with confidence, giving the movie a confident and entertaining quality.",positive
"The director's work creates unconvincing character relationships, making the movie hard to recommend.",negative
"The adaptation handles the central conflict with care, leaving a lasting impression.",positive
The film was adapted from a novel. The plot follows events presented in chronological order.,neutral
"The production makes the main characters easy to follow, making the film easy to recommend.",positive
"The comedy uses its visual style without much purpose, which makes the final result feel unsatisfying.",negative
"The drama was filmed in color. The film contains dialogue, music, and background sound.",neutral
"The comedy uses its visual style without much purpose, which makes the final result feel unsatisfying.",negative
"This movie turns a simple premise into an engaging story, and the performances strengthen the overall experience.",positive
"The director's work makes limited use of its setting, making the movie hard to recommend.",negative
"The thriller uses its setting effectively, and the story remains interesting throughout.",positive
"This movie turns a simple premise into an engaging story, and the performances strengthen the overall experience.",positive
"The production creates unconvincing character relationships, and the performances do little to improve it.",negative
The film was distributed in several countries. The narrative follows events involving several characters.,neutral
"The cast moves at an uneven pace, leaving a disappointing impression.",negative
"The director's work creates unconvincing character relationships, making the movie hard to recommend.",negative
"The cast builds its story with confidence, giving the movie a confident and entertaining quality.",positive
The drama was filmed in color. The cast includes actors from television and film.,neutral
"The adaptation handles the central conflict with care, leaving a lasting impression.",positive
The film includes scenes set in a workplace. The credits list the principal cast members.,neutral
"The director's work keeps the audience engaged, and the emotional moments feel convincing.",positive
"The drama was released in 2001. The film contains dialogue, music, and background sound.",neutral
"The adaptation keeps the dialogue lively, leaving a lasting impression.",positive
"The comedy maintains a consistent tone, which gives the movie considerable appeal.",positive
"The comedy gives the performances room to stand out, which gives the movie considerable appeal.",positive
The drama features a cast of six principal actors. The production includes both indoor and outdoor scenes.,neutral
"The thriller creates unconvincing character relationships, and the story becomes increasingly difficult to follow.",negative
"The production makes limited use of its setting, and the performances do little to improve it.",negative
The drama was released in 2001. The story takes place in several locations.,neutral
"The drama makes limited use of its setting, and the emotional moments rarely feel convincing.",negative
"The story uses its visual style without much purpose, giving the movie an uneven and frustrating quality.",negative
"The cast uses its visual style without much purpose, leaving a disappointing impression.",negative
The drama was released in 2001. The production uses a mixture of daytime and nighttime scenes.,neutral
The film was released in 1998. The credits list the principal cast members.,neutral
The film takes place during the summer. The opening scene introduces the main characters.,neutral
"The drama creates unconvincing character relationships, and the emotional moments rarely feel convincing.",negative
"The story uses its visual style without much purpose, giving the movie an uneven and frustrating quality.",negative
"The cast connects its different storylines effectively, giving the movie a confident and entertaining quality.",positive
The drama follows events across several days. The cast includes actors from television and film.,neutral
"The production moves naturally between its scenes, making the film easy to recommend.",positive
"The thriller makes limited use of its setting, and the story becomes increasingly difficult to follow.",negative
"This movie creates memorable scenes, and the performances strengthen the overall experience.",positive
"The film makes good use of its visual style, and the result is thoroughly enjoyable.",positive
"The thriller creates unconvincing character relationships, and the story becomes increasingly difficult to follow.",negative
The film features a cast of six principal actors. The opening scene introduces the main characters.,neutral
"The film uses its visual style without much purpose, and the result is difficult to enjoy.",negative
"The comedy gives the performances room to stand out, which gives the movie considerable appeal.",positive
The drama was released in 2005. The production includes both indoor and outdoor scenes.,neutral
The drama covers a period of several months. The production uses a mixture of daytime and nighttime scenes.,neutral
"The adaptation keeps the dialogue lively, leaving a lasting impression.",positive
The film takes place during the summer. The plot follows events presented in chronological order.,neutral
"The story uses humor at appropriate moments, which makes the final result particularly satisfying.",positive
The film was released in 1998. The plot follows events presented in chronological order.,neutral
"This movie creates memorable scenes, and the performances strengthen the overall experience.",positive
"The drama creates unconvincing character relationships, and the emotional moments rarely feel convincing.",negative
"The thriller makes limited use of its setting, and the story becomes increasingly difficult to follow.",negative
"The story uses its visual style without much purpose, giving the movie an uneven and frustrating quality.",negative
"The comedy uses its visual style without much purpose, which makes the final result feel unsatisfying.",negative
"The director's work makes limited use of its setting, making the movie hard to recommend.",negative
"The adaptation keeps the dialogue lively, leaving a lasting impression.",positive
"This movie makes limited use of its setting, and the conclusion does not feel earned.",negative
The film was released in 1998. The narrative follows events involving several characters.,neutral
"The drama creates unconvincing character relationships, and the emotional moments rarely feel convincing.",negative
The film was released in 2001. The narrative follows events involving several characters.,neutral
"The production makes the main characters easy to follow, making the film easy to recommend.",positive
"This movie makes limited use of its setting, and the conclusion does not feel earned.",negative
The drama includes scenes set in a workplace. The cast includes actors from television and film.,neutral
The film includes scenes set in a workplace. The plot follows events presented in chronological order.,neutral
"The adaptation handles the central conflict with care, leaving a lasting impression.",positive
"The adaptation uses its visual style without much purpose, which weakens the overall experience.",negative
"The cast uses its visual style without much purpose, leaving a disappointing impression.",negative
"The comedy maintains a consistent tone, which gives the movie considerable appeal.",positive
"The thriller makes limited use of its setting, and the story becomes increasingly difficult to follow.",negative
"The film moves at an uneven pace, and the result is difficult to enjoy.",negative
"The production creates unconvincing character relationships, and the performances do little to improve it.",negative
"The story moves at an uneven pace, giving the movie an uneven and frustrating quality.",negative
The drama takes place during the winter. The story takes place in several locations.,neutral
"The film moves at an uneven pace, and the result is difficult to enjoy.",negative
The drama includes scenes set in a workplace. The story takes place in several locations.,neutral
"The adaptation uses its visual style without much purpose, which weakens the overall experience.",negative
The drama was released in 2005. The story takes place in several locations.,neutral
"This movie creates memorable scenes, and the performances strengthen the overall experience.",positive
"The director's work creates unconvincing character relationships, making the movie hard to recommend.",negative
The film covers a period of several months. The credits list the principal cast members.,neutral
"The director's work creates unconvincing character relationships, making the movie hard to recommend.",negative
"The director's work creates unconvincing character relationships, making the movie hard to recommend.",negative
"The thriller creates unconvincing character relationships, and the story becomes increasingly difficult to follow.",negative
"The story balances its dramatic moments well, which makes the final result particularly satisfying.",positive
The drama was produced by an independent studio. The story takes place in several locations.,neutral
The drama was filmed in several locations. The production uses a mixture of daytime and nighttime scenes.,neutral
"This movie turns a simple premise into an engaging story, and the performances strengthen the overall experience.",positive
"This movie makes limited use of its setting, and the conclusion does not feel earned.",negative
The film was released in 2001. The credits list the principal cast members.,neutral
"The story uses humor at appropriate moments, which makes the final result particularly satisfying.",positive
"This movie makes limited use of its setting, and the conclusion does not feel earned.",negative
The drama has a running time of 126 minutes. The story takes place in several locations.,neutral
The film uses English as its primary language. The story includes scenes from different parts of the town.,neutral
"The cast uses its visual style without much purpose, leaving a disappointing impression.",negative
"The adaptation keeps the dialogue lively, leaving a lasting impression.",positive
The drama is set in a large metropolitan area. The production includes both indoor and outdoor scenes.,neutral
"The thriller creates unconvincing character relationships, and the story becomes increasingly difficult to follow.",negative
"The production makes the main characters easy to follow, making the film easy to recommend.",positive
"The comedy maintains a consistent tone, which gives the movie considerable appeal.",positive
"This movie turns a simple premise into an engaging story, and the performances strengthen the overall experience.",positive
"The story balances its dramatic moments well, which makes the final result particularly satisfying.",positive
"The story moves at an uneven pace, giving the movie an uneven and frustrating quality.",negative
"This movie makes limited use of its setting, and the conclusion does not feel earned.",negative
"This movie makes limited use of its setting, and the conclusion does not feel earned.",negative
"The thriller creates convincing character relationships, and the story remains interesting throughout.",positive
The drama is set in a large metropolitan area. The cast includes actors from television and film.,neutral
"The story uses its visual style without much purpose, giving the movie an uneven and frustrating quality.",negative
"The film makes good use of its visual style, and the result is thoroughly enjoyable.",positive
The drama was filmed in several locations. The story takes place in several locations.,neutral
"The production moves naturally between its scenes, making the film easy to recommend.",positive
"The film uses its visual style without much purpose, and the result is difficult to enjoy.",negative
"The production makes limited use of its setting, and the performances do little to improve it.",negative
The film was filmed in several locations. The opening scene introduces the main characters.,neutral
"The story balances its dramatic moments well, which makes the final result particularly satisfying.",positive
The film includes scenes set in a workplace. The opening scene introduces the main characters.,neutral
"The adaptation keeps the dialogue lively, leaving a lasting impression.",positive
"The production creates unconvincing character relationships, and the performances do little to improve it.",negative
"The production makes the main characters easy to follow, making the film easy to recommend.",positive
The drama was released in 2011. The production includes both indoor and outdoor scenes.,neutral
"The comedy gives the performances room to stand out, which gives the movie considerable appeal.",positive
"The drama develops its characters carefully, and the conclusion feels well earned.",positive
"The cast connects its different storylines effectively, giving the movie a confident and entertaining quality.",positive
The drama covers a period of several months. The cast includes actors from television and film.,neutral
"The production moves naturally between its scenes, making the film easy to recommend.",positive
"The comedy gives the performances room to stand out, which gives the movie considerable appeal.",positive
The film was released in 2005. The opening scene introduces the main characters.,neutral
"The adaptation handles the central conflict with care, leaving a lasting impression.",positive
"The director's work makes limited use of its setting, making the movie hard to recommend.",negative
"The drama keeps its central idea clear, and the conclusion feels well earned.",positive
The drama was released in 2014. The production includes both indoor and outdoor scenes.,neutral
"The drama was distributed in several countries. The film contains dialogue, music, and background sound.",neutral
"The adaptation uses its visual style without much purpose, which weakens the overall experience.",negative
The film has a running time of 118 minutes. The opening scene introduces the main characters.,neutral
"The director's work makes limited use of its setting, making the movie hard to recommend.",negative
"The adaptation uses its visual style without much purpose, which weakens the overall experience.",negative
The film was adapted from a novel. The narrative follows events involving several characters.,neutral
"The drama has a running time of 104 minutes. The film contains dialogue, music, and background sound.",neutral
"The cast uses its visual style without much purpose, leaving a disappointing impression.",negative
"The comedy uses its visual style without much purpose, which makes the final result feel unsatisfying.",negative
"The cast uses its visual style without much purpose, leaving a disappointing impression.",negative
"The cast builds its story with confidence, giving the movie a confident and entertaining quality.",positive
"The film moves at an uneven pace, and the result is difficult to enjoy.",negative
The drama includes scenes set in a workplace. The production uses a mixture of daytime and nighttime scenes.,neutral
"The thriller makes limited use of its setting, and the story becomes increasingly difficult to follow.",negative
The film has a running time of 104 minutes. The story includes scenes from different parts of the town.,neutral
"The comedy gives the performances room to stand out, which gives the movie considerable appeal.",positive
"The drama creates unconvincing character relationships, and the emotional moments rarely feel convincing.",negative
"The thriller uses its setting effectively, and the story remains interesting throughout.",positive
"The thriller creates unconvincing character relationships, and the story becomes increasingly difficult to follow.",negative
"The drama develops its characters carefully, and the conclusion feels well earned.",positive
"This movie turns a simple premise into an engaging story, and the performances strengthen the overall experience.",positive
The drama was released in 2005. The production includes both indoor and outdoor scenes.,neutral
"The director's work makes limited use of its setting, making the movie hard to recommend.",negative
"The film makes good use of its visual style, and the result is thoroughly enjoyable.",positive
The film was adapted from a novel. The opening scene introduces the main characters.,neutral
The film has a running time of 132 minutes. The story includes scenes from different parts of the town.,neutral
"The story uses its visual style without much purpose, giving the movie an uneven and frustrating quality.",negative
The drama has a running time of 132 minutes. The story takes place in several locations.,neutral
"The adaptation moves at an uneven pace, which weakens the overall experience.",negative
"The adaptation moves at an uneven pace, which weakens the overall experience.",negative
"The cast moves at an uneven pace, leaving a disappointing impression.",negative
"The adaptation handles the central conflict with care, leaving a lasting impression.",positive
The drama was adapted from a novel. The story takes place in several locations.,neutral
"The thriller makes limited use of its setting, and the story becomes increasingly difficult to follow.",negative
"This movie makes limited use of its setting, and the conclusion does not feel earned.",negative
The film was released in 1998. The opening scene introduces the main characters.,neutral
"The production creates unconvincing character relationships, and the performances do little to improve it.",negative
"The drama develops its characters carefully, and the conclusion feels well earned.",positive
The film was filmed in color. The plot follows events presented in chronological order.,neutral
The film was released in 2020. The credits list the principal cast members.,neutral
"The adaptation moves at an uneven pace, which weakens the overall experience.",negative
"This movie makes limited use of its setting, and the conclusion does not feel earned.",negative
"The director's work creates unconvincing character relationships, making the movie hard to recommend.",negative
"The film moves at an uneven pace, and the result is difficult to enjoy.",negative
"The comedy gives the performances room to stand out, which gives the movie considerable appeal.",positive
"The director's work makes limited use of its setting, making the movie hard to recommend.",negative
"The comedy uses its visual style without much purpose, which makes the final result feel unsatisfying.",negative
The film features a cast of six principal actors. The narrative follows events involving several characters.,neutral
"The film maintains a strong pace, and the result is thoroughly enjoyable.",positive
"The thriller creates unconvincing character relationships, and the story becomes increasingly difficult to follow.",negative
"The film moves at an uneven pace, and the result is difficult to enjoy.",negative
"The production moves naturally between its scenes, making the film easy to recommend.",positive
"The thriller uses its setting effectively, and the story remains interesting throughout.",positive
"The director's work creates unconvincing character relationships, making the movie hard to recommend.",negative
"The comedy moves at an uneven pace, which makes the final result feel unsatisfying.",negative
The film takes place during the winter. The story includes scenes from different parts of the town.,neutral
"The thriller creates unconvincing character relationships, and the story becomes increasingly difficult to follow.",negative
"The production makes limited use of its setting, and the performances do little to improve it.",negative
"The production creates unconvincing character relationships, and the performances do little to improve it.",negative
"The drama develops its characters carefully, and the conclusion feels well earned.",positive
"The cast connects its different storylines effectively, giving the movie a confident and entertaining quality.",positive
"The thriller creates convincing character relationships, and the story remains interesting throughout.",positive
"The comedy moves at an uneven pace, which makes the final result feel unsatisfying.",negative
"The production moves naturally between its scenes, making the film easy to recommend.",positive
"The production makes the main characters easy to follow, making the film easy to recommend.",positive
The drama contains several dialogue scenes. The cast includes actors from television and film.,neutral
"The film makes good use of its visual style, and the result is thoroughly enjoyable.",positive
The film was released in 2014. The story includes scenes from different parts of the town.,neutral
"The production makes limited use of its setting, and the performances do little to improve it.",negative
"The thriller creates unconvincing character relationships, and the story becomes increasingly difficult to follow.",negative
"The cast moves at an uneven pace, leaving a disappointing impression.",negative
"The film maintains a strong pace, and the result is thoroughly enjoyable.",positive
"The film uses its visual style without much purpose, and the result is difficult to enjoy.",negative
"The production makes the main characters easy to follow, making the film easy to recommend.",positive
"The drama makes limited use of its setting, and the emotional moments rarely feel convincing.",negative
"The story moves at an uneven pace, giving the movie an uneven and frustrating quality.",negative
"The director's work gives the ending enough weight, and the emotional moments feel convincing.",positive
"The story moves at an uneven pace, giving the movie an uneven and frustrating quality.",negative
"The drama takes place during the winter. The film contains dialogue, music, and background sound.",neutral
"The thriller creates unconvincing character relationships, and the story becomes increasingly difficult to follow.",negative
"The cast moves at an uneven pace, leaving a disappointing impression.",negative
"The drama makes limited use of its setting, and the emotional moments rarely feel convincing.",negative
"The director's work creates unconvincing character relationships, making the movie hard to recommend.",negative
"The story moves at an uneven pace, giving the movie an uneven and frustrating quality.",negative
"This movie turns a simple premise into an engaging story, and the performances strengthen the overall experience.",positive
"The adaptation uses its visual style without much purpose, which weakens the overall experience.",negative
The film has a running time of 132 minutes. The narrative follows events involving several characters.,neutral
"This movie creates unconvincing character relationships, and the conclusion does not feel earned.",negative
The drama was released in 2014. The story takes place in several locations.,neutral
"The cast moves at an uneven pace, leaving a disappointing impression.",negative
"The production creates unconvincing character relationships, and the performances do little to improve it.",negative
The drama contains several dialogue scenes. The cast includes actors from television and film.,neutral
The film was adapted from a novel. The narrative follows events involving several characters.,neutral
"The director's work creates unconvincing character relationships, making the movie hard to recommend.",negative
"The cast builds its story with confidence, giving the movie a confident and entertaining quality.",positive
"The production makes limited use of its setting, and the performances do little to improve it.",negative
"The production makes the main characters easy to follow, making the film easy to recommend.",positive
"The film moves at an uneven pace, and the result is difficult to enjoy.",negative
The drama has a running time of 118 minutes. The production uses a mixture of daytime and nighttime scenes.,neutral
The film uses both indoor and outdoor locations. The story includes scenes from different parts of the town.,neutral
"The cast uses its visual style without much purpose, leaving a disappointing impression.",negative
The drama was released in 2017. The production includes both indoor and outdoor scenes.,neutral
"The film maintains a strong pace, and the result is thoroughly enjoyable.",positive
"The cast connects its different storylines effectively, giving the movie a confident and entertaining quality.",positive
"The drama makes limited use of its setting, and the emotional moments rarely feel convincing.",negative
"The cast connects its different storylines effectively, giving the movie a confident and entertaining quality.",positive
"The story uses humor at appropriate moments, which makes the final result particularly satisfying.",positive
"The comedy gives the performances room to stand out, which gives the movie considerable appeal.",positive
"The director's work gives the ending enough weight, and the emotional moments feel convincing.",positive
"The adaptation moves at an uneven pace, which weakens the overall experience.",negative
The film includes scenes set in a school. The credits list the principal cast members.,neutral
"The cast moves at an uneven pace, leaving a disappointing impression.",negative
"The cast connects its different storylines effectively, giving the movie a confident and entertaining quality.",positive
The drama was released in 2014. The story takes place in several locations.,neutral
"This movie makes limited use of its setting, and the conclusion does not feel earned.",negative
"The thriller makes limited use of its setting, and the story becomes increasingly difficult to follow.",negative
"The adaptation handles the central conflict with care, leaving a lasting impression.",positive
The film was released in 2008. The plot follows events presented in chronological order.,neutral
The drama features a cast of six principal actors. The cast includes actors from television and film.,neutral
"The director's work keeps the audience engaged, and the emotional moments feel convincing.",positive
"The film maintains a strong pace, and the result is thoroughly enjoyable.",positive
"The drama develops its characters carefully, and the conclusion feels well earned.",positive
"The thriller uses its setting effectively, and the story remains interesting throughout.",positive
The drama was released in 2001. The cast includes actors from television and film.,neutral
"The drama creates unconvincing character relationships, and the emotional moments rarely feel convincing.",negative
"The story uses humor at appropriate moments, which makes the final result particularly satisfying.",positive
The drama uses both indoor and outdoor locations. The production includes both indoor and outdoor scenes.,neutral
"The cast moves at an uneven pace, leaving a disappointing impression.",negative
The drama includes scenes set in a school. The production includes both indoor and outdoor scenes.,neutral
"The cast uses its visual style without much purpose, leaving a disappointing impression.",negative
"The production moves naturally between its scenes, making the film easy to recommend.",positive
"The thriller uses its setting effectively, and the story remains interesting throughout.",positive
"The comedy uses its visual style without much purpose, which makes the final result feel unsatisfying.",negative
The drama was filmed in several locations. The production uses a mixture of daytime and nighttime scenes.,neutral
"The drama was released in 2014. The film contains dialogue, music, and background sound.",neutral
"The drama creates unconvincing character relationships, and the emotional moments rarely feel convincing.",negative
The drama was released in 2014. The cast includes actors from television and film.,neutral
"The story moves at an uneven pace, giving the movie an uneven and frustrating quality.",negative
"The production creates unconvincing character relationships, and the performances do little to improve it.",negative
"The drama is set in a large metropolitan area. The film contains dialogue, music, and background sound.",neutral
"The drama includes scenes set in a school. The film contains dialogue, music, and background sound.",neutral
The film was released in 2008. The narrative follows events involving several characters.,neutral
"The thriller creates unconvincing character relationships, and the story becomes increasingly difficult to follow.",negative
"The story moves at an uneven pace, giving the movie an uneven and frustrating quality.",negative
"This movie creates memorable scenes, and the performances strengthen the overall experience.",positive
The film covers a period of several months. The credits list the principal cast members.,neutral
"The director's work creates unconvincing character relationships, making the movie hard to recommend.",negative
"The cast moves at an uneven pace, leaving a disappointing impression.",negative
The drama covers a period of several months. The production includes both indoor and outdoor scenes.,neutral
"The story balances its dramatic moments well, which makes the final result particularly satisfying.",positive
The drama was released in 2017. The production includes both indoor and outdoor scenes.,neutral
"The cast uses its visual style without much purpose, leaving a disappointing impression.",negative
"The thriller creates convincing character relationships, and the story remains interesting throughout.",positive
"This movie creates memorable scenes, and the performances strengthen the overall experience.",positive
The film was released in 2014. The opening scene introduces the main characters.,neutral
"The drama creates unconvincing character relationships, and the emotional moments rarely feel convincing.",negative
"The comedy moves at an uneven pace, which makes the final result feel unsatisfying.",negative
"The adaptation moves at an uneven pace, which weakens the overall experience.",negative
"The cast moves at an uneven pace, leaving a disappointing impression.",negative
"The adaptation uses its visual style without much purpose, which weakens the overall experience.",negative
The drama takes place during the winter. The story takes place in several locations.,neutral
"The film uses its visual style without much purpose, and the result is difficult to enjoy.",negative
"The film makes good use of its visual style, and the result is thoroughly enjoyable.",positive
"The thriller makes limited use of its setting, and the story becomes increasingly difficult to follow.",negative
"The cast moves at an uneven pace, leaving a disappointing impression.",negative
"The cast builds its story with confidence, giving the movie a confident and entertaining quality.",positive
"The adaptation uses its visual style without much purpose, which weakens the overall experience.",negative
"The drama creates unconvincing character relationships, and the emotional moments rarely feel convincing.",negative
"The production moves naturally between its scenes, making the film easy to recommend.",positive
"The drama is set in a small coastal town. The film contains dialogue, music, and background sound.",neutral
The drama was released in 2011. The cast includes actors from television and film.,neutral
"The cast builds its story with confidence, giving the movie a confident and entertaining quality.",positive
"The adaptation uses its visual style without much purpose, which weakens the overall experience.",negative
"This movie creates memorable scenes, and the performances strengthen the overall experience.",positive
"The director's work creates unconvincing character relationships, making the movie hard to recommend.",negative
"The adaptation handles the central conflict with care, leaving a lasting impression.",positive
The drama was released in 2011. The production includes both indoor and outdoor scenes.,neutral
"This movie makes limited use of its setting, and the conclusion does not feel earned.",negative
"The drama keeps its central idea clear, and the conclusion feels well earned.",positive
The film was produced by an independent studio. The credits list the principal cast members.,neutral
The drama takes place during the winter. The production uses a mixture of daytime and nighttime scenes.,neutral
"This movie creates unconvincing character relationships, and the conclusion does not feel earned.",negative
The drama was released in 2008. The story takes place in several locations.,neutral
"The thriller creates unconvincing character relationships, and the story becomes increasingly difficult to follow.",negative
"The production creates unconvincing character relationships, and the performances do little to improve it.",negative
The drama uses English as its primary language. The production uses a mixture of daytime and nighttime scenes.,neutral
"The comedy gives the performances room to stand out, which gives the movie considerable appeal.",positive
"The cast connects its different storylines effectively, giving the movie a confident and entertaining quality.",positive
The film covers a period of several months. The opening scene introduces the main characters.,neutral
The film was released in 2020. The narrative follows events involving several characters.,neutral
The drama was released in 2005. The production uses a mixture of daytime and nighttime scenes.,neutral
"The production makes limited use of its setting, and the performances do little to improve it.",negative
The film was released in 2017. The credits list the principal cast members.,neutral
"The drama keeps its central idea clear, and the conclusion feels well earned.",positive
"The adaptation moves at an uneven pace, which weakens the overall experience.",negative
The drama is set in a small coastal town. The story takes place in several locations.,neutral
"This movie makes limited use of its setting, and the conclusion does not feel earned.",negative
The film contains several dialogue scenes. The plot follows events presented in chronological order.,neutral
"The comedy uses its visual style without much purpose, which makes the final result feel unsatisfying.",negative
"The director's work creates unconvincing character relationships, making the movie hard to recommend.",negative
The film uses English as its primary language. The plot follows events presented in chronological order.,neutral
"The drama makes limited use of its setting, and the emotional moments rarely feel convincing.",negative
"The story moves at an uneven pace, giving the movie an uneven and frustrating quality.",negative
"The cast moves at an uneven pace, leaving a disappointing impression.",negative
"This movie turns a simple premise into an engaging story, and the performances strengthen the overall experience.",positive
"The cast connects its different storylines effectively, giving the movie a confident and entertaining quality.",positive
"The drama keeps its central idea clear, and the conclusion feels well earned.",positive
"The story balances its dramatic moments well, which makes the final result particularly satisfying.",positive
"The film uses its visual style without much purpose, and the result is difficult to enjoy.",negative
"The cast moves at an uneven pace, leaving a disappointing impression.",negative
"The thriller makes limited use of its setting, and the story becomes increasingly difficult to follow.",negative
"The production makes the main characters easy to follow, making the film easy to recommend.",positive
"This movie turns a simple premise into an engaging story, and the performances strengthen the overall experience.",positive
"This movie creates unconvincing character relationships, and the conclusion does not feel earned.",negative
"The adaptation handles the central conflict with care, leaving a lasting impression.",positive
"The adaptation uses its visual style without much purpose, which weakens the overall experience.",negative
"The story uses humor at appropriate moments, which makes the final result particularly satisfying.",positive
"The story balances its dramatic moments well, which makes the final result particularly satisfying.",positive
The film was distributed in several countries. The credits list the principal cast members.,neutral
"The adaptation moves at an uneven pace, which weakens the overall experience.",negative
"The adaptation uses its visual style without much purpose, which weakens the overall experience.",negative
"The film moves at an uneven pace, and the result is difficult to enjoy.",negative
"The comedy maintains a consistent tone, which gives the movie considerable appeal.",positive
"This movie creates memorable scenes, and the performances strengthen the overall experience.",positive
"The comedy moves at an uneven pace, which makes the final result feel unsatisfying.",negative
"The thriller creates convincing character relationships, and the story remains interesting throughout.",positive
"The thriller creates convincing character relationships, and the story remains interesting throughout.",positive
"The director's work keeps the audience engaged, and the emotional moments feel convincing.",positive
"The drama keeps its central idea clear, and the conclusion feels well earned.",positive
The film includes scenes set in a workplace. The story includes scenes from different parts of the town.,neutral
The film was filmed in several locations. The credits list the principal cast members.,neutral
The drama was distributed in several countries. The production uses a mixture of daytime and nighttime scenes.,neutral
"The comedy moves at an uneven pace, which makes the final result feel unsatisfying.",negative
"This movie creates memorable scenes, and the performances strengthen the overall experience.",positive
"The cast uses its visual style without much purpose, leaving a disappointing impression.",negative
"The film maintains a strong pace, and the result is thoroughly enjoyable.",positive
"The thriller makes limited use of its setting, and the story becomes increasingly difficult to follow.",negative
"The drama develops its characters carefully, and the conclusion feels well earned.",positive
"The director's work makes limited use of its setting, making the movie hard to recommend.",negative
"The cast uses its visual style without much purpose, leaving a disappointing impression.",negative
"This movie turns a simple premise into an engaging story, and the performances strengthen the overall experience.",positive
"The story uses humor at appropriate moments, which makes the final result particularly satisfying.",positive
"The film moves at an uneven pace, and the result is difficult to enjoy.",negative
"The cast builds its story with confidence, giving the movie a confident and entertaining quality.",positive
The drama is set in a small coastal town. The production uses a mixture of daytime and nighttime scenes.,neutral
"The drama uses English as its primary language. The film contains dialogue, music, and background sound.",neutral
"The cast moves at an uneven pace, leaving a disappointing impression.",negative
"The production moves naturally between its scenes, making the film easy to recommend.",positive
The film is set in a small coastal town. The credits list the principal cast members.,neutral
"The film makes good use of its visual style, and the result is thoroughly enjoyable.",positive
The drama takes place during the summer. The cast includes actors from television and film.,neutral
The film is set in a small coastal town. The credits list the principal cast members.,neutral
"The director's work gives the ending enough weight, and the emotional moments feel convincing.",positive
The drama was produced by an independent studio. The story takes place in several locations.,neutral
"The drama creates unconvincing character relationships, and the emotional moments rarely feel convincing.",negative
The drama is set in a large metropolitan area. The cast includes actors from television and film.,neutral
"The production makes limited use of its setting, and the performances do little to improve it.",negative
The film features a cast of six principal actors. The story includes scenes from different parts of the town.,neutral
"The cast moves at an uneven pace, leaving a disappointing impression.",negative
"The thriller uses its setting effectively, and the story remains interesting throughout.",positive
"The adaptation uses its visual style without much purpose, which weakens the overall experience.",negative
"The comedy maintains a consistent tone, which gives the movie considerable appeal.",positive
"The film maintains a strong pace, and the result is thoroughly enjoyable.",positive
"The director's work makes limited use of its setting, making the movie hard to recommend.",negative
The drama follows events across several days. The production includes both indoor and outdoor scenes.,neutral
"The adaptation handles the central conflict with care, leaving a lasting impression.",positive
"The adaptation keeps the dialogue lively, leaving a lasting impression.",positive
"The comedy moves at an uneven pace, which makes the final result feel unsatisfying.",negative
The film was filmed in color. The plot follows events presented in chronological order.,neutral
The film covers a period of several months. The opening scene introduces the main characters.,neutral
"The drama makes limited use of its setting, and the emotional moments rarely feel convincing.",negative
The drama was released in 2008. The story takes place in several locations.,neutral
"The drama keeps its central idea clear, and the conclusion feels well earned.",positive
"The story moves at an uneven pace, giving the movie an uneven and frustrating quality.",negative
"The story uses humor at appropriate moments, which makes the final result particularly satisfying.",positive
The drama was released in 2011. The story takes place in several locations.,neutral
"The story uses its visual style without much purpose, giving the movie an uneven and frustrating quality.",negative
"The thriller creates unconvincing character relationships, and the story becomes increasingly difficult to follow.",negative
The drama was filmed in color. The production includes both indoor and outdoor scenes.,neutral
The film was released in 2014. The opening scene introduces the main characters.,neutral
"The adaptation handles the central conflict with care, leaving a lasting impression.",positive
"The story balances its dramatic moments well, which makes the final result particularly satisfying.",positive
The drama takes place during the summer. The production includes both indoor and outdoor scenes.,neutral
"The film makes good use of its visual style, and the result is thoroughly enjoyable.",positive
"The comedy gives the performances room to stand out, which gives the movie considerable appeal.",positive
"The adaptation uses its visual style without much purpose, which weakens the overall experience.",negative
The drama features a cast of six principal actors. The production includes both indoor and outdoor scenes.,neutral
"The story balances its dramatic moments well, which makes the final result particularly satisfying.",positive
The film was released in 2005. The plot follows events presented in chronological order.,neutral
"The drama covers a period of several months. The film contains dialogue, music, and background sound.",neutral
"The production creates unconvincing character relationships, and the performances do little to improve it.",negative
"The drama has a running time of 118 minutes. The film contains dialogue, music, and background sound.",neutral
The film was released in 2020. The credits list the principal cast members.,neutral
"The cast builds its story with confidence, giving the movie a confident and entertaining quality.",positive
"This movie creates unconvincing character relationships, and the conclusion does not feel earned.",negative
"The director's work makes limited use of its setting, making the movie hard to recommend.",negative
"The film moves at an uneven pace, and the result is difficult to enjoy.",negative
"This movie creates memorable scenes, and the performances strengthen the overall experience.",positive
"The production makes limited use of its setting, and the performances do little to improve it.",negative
"The story uses humor at appropriate moments, which makes the final result particularly satisfying.",positive
The film is set in a small coastal town. The narrative follows events involving several characters.,neutral
The film has a running time of 132 minutes. The story includes scenes from different parts of the town.,neutral
"The drama keeps its central idea clear, and the conclusion feels well earned.",positive
The film contains several dialogue scenes. The story includes scenes from different parts of the town.,neutral
"The film maintains a strong pace, and the result is thoroughly enjoyable.",positive
"The director's work keeps the audience engaged, and the emotional moments feel convincing.",positive
The film follows events across several days. The plot follows events presented in chronological order.,neutral
The film has a running time of 118 minutes. The credits list the principal cast members.,neutral
"This movie makes limited use of its setting, and the conclusion does not feel earned.",negative
"The adaptation handles the central conflict with care, leaving a lasting impression.",positive
"The production makes the main characters easy to follow, making the film easy to recommend.",positive
"The drama was released in 2008. The film contains dialogue, music, and background sound.",neutral
"The cast moves at an uneven pace, leaving a disappointing impression.",negative
"The comedy moves at an uneven pace, which makes the final result feel unsatisfying.",negative
The drama was released in 2017. The production uses a mixture of daytime and nighttime scenes.,neutral
"The cast connects its different storylines effectively, giving the movie a confident and entertaining quality.",positive
"The drama makes limited use of its setting, and the emotional moments rarely feel convincing.",negative
"This movie creates unconvincing character relationships, and the conclusion does not feel earned.",negative
"The production makes the main characters easy to follow, making the film easy to recommend.",positive
"The adaptation uses its visual style without much purpose, which weakens the overall experience.",negative
"The cast connects its different storylines effectively, giving the movie a confident and entertaining quality.",positive
"The comedy moves at an uneven pace, which makes the final result feel unsatisfying.",negative
"The thriller creates unconvincing character relationships, and the story becomes increasingly difficult to follow.",negative
The drama was released in 2001. The production includes both indoor and outdoor scenes.,neutral
"The drama was released in 2001. The film contains dialogue, music, and background sound.",neutral
The drama was distributed in several countries. The production uses a mixture of daytime and nighttime scenes.,neutral
"This movie makes limited use of its setting, and the conclusion does not feel earned.",negative
"The thriller uses its setting effectively, and the story remains interesting throughout.",positive
The film has a running time of 132 minutes. The plot follows events presented in chronological order.,neutral
"The story uses humor at appropriate moments, which makes the final result particularly satisfying.",positive
"The drama was released in 1998. The film contains dialogue, music, and background sound.",neutral
The drama takes place during the summer. The production includes both indoor and outdoor scenes.,neutral
"The comedy moves at an uneven pace, which makes the final result feel unsatisfying.",negative
The drama has a running time of 132 minutes. The production uses a mixture of daytime and nighttime scenes.,neutral
"This movie turns a simple premise into an engaging story, and the performances strengthen the overall experience.",positive
"The director's work makes limited use of its setting, making the movie hard to recommend.",negative
"The drama develops its characters carefully, and the conclusion feels well earned.",positive
"The adaptation handles the central conflict with care, leaving a lasting impression.",positive
The drama is set in a small coastal town. The story takes place in several locations.,neutral
"The film maintains a strong pace, and the result is thoroughly enjoyable.",positive
"This movie creates memorable scenes, and the performances strengthen the overall experience.",positive
"The adaptation keeps the dialogue lively, leaving a lasting impression.",positive
The film has a running time of 118 minutes. The opening scene introduces the main characters.,neutral
"The story balances its dramatic moments well, which makes the final result particularly satisfying.",positive
"The comedy gives the performances room to stand out, which gives the movie considerable appeal.",positive
"The drama was released in 2020. The film contains dialogue, music, and background sound.",neutral
The drama was released in 2020. The cast includes actors from television and film.,neutral
"The cast moves at an uneven pace, leaving a disappointing impression.",negative
The film uses both indoor and outdoor locations. The story includes scenes from different parts of the town.,neutral
"The thriller creates convincing character relationships, and the story remains interesting throughout.",positive
"The comedy maintains a consistent tone, which gives the movie considerable appeal.",positive
"The story moves at an uneven pace, giving the movie an uneven and frustrating quality.",negative
"The director's work keeps the audience engaged, and the emotional moments feel convincing.",positive
The film was released in 2008. The opening scene introduces the main characters.,neutral
The film includes scenes set in a school. The story includes scenes from different parts of the town.,neutral
"The director's work gives the ending enough weight, and the emotional moments feel convincing.",positive
"This movie turns a simple premise into an engaging story, and the performances strengthen the overall experience.",positive
"The thriller creates unconvincing character relationships, and the story becomes increasingly difficult to follow.",negative
"The production makes the main characters easy to follow, making the film easy to recommend.",positive
"The comedy maintains a consistent tone, which gives the movie considerable appeal.",positive
"The director's work makes limited use of its setting, making the movie hard to recommend.",negative
The film uses both indoor and outdoor locations. The plot follows events presented in chronological order.,neutral
"The cast moves at an uneven pace, leaving a disappointing impression.",negative
"The comedy moves at an uneven pace, which makes the final result feel unsatisfying.",negative
"The director's work creates unconvincing character relationships, making the movie hard to recommend.",negative
"The adaptation uses its visual style without much purpose, which weakens the overall experience.",negative
"The production creates unconvincing character relationships, and the performances do little to improve it.",negative
"The adaptation keeps the dialogue lively, leaving a lasting impression.",positive
"The cast moves at an uneven pace, leaving a disappointing impression.",negative
"The comedy maintains a consistent tone, which gives the movie considerable appeal.",positive
"The film maintains a strong pace, and the result is thoroughly enjoyable.",positive
"The cast uses its visual style without much purpose, leaving a disappointing impression.",negative
"The thriller uses its setting effectively, and the story remains interesting throughout.",positive
"The drama creates unconvincing character relationships, and the emotional moments rarely feel convincing.",negative
"The production makes limited use of its setting, and the performances do little to improve it.",negative
"The story moves at an uneven pace, giving the movie an uneven and frustrating quality.",negative
"This movie creates memorable scenes, and the performances strengthen the overall experience.",positive
"The adaptation keeps the dialogue lively, leaving a lasting impression.",positive
"The story uses humor at appropriate moments, which makes the final result particularly satisfying.",positive
"The film maintains a strong pace, and the result is thoroughly enjoyable.",positive
The film was adapted from a novel. The credits list the principal cast members.,neutral
The drama was filmed in color. The production includes both indoor and outdoor scenes.,neutral
"The production moves naturally between its scenes, making the film easy to recommend.",positive
"This movie creates memorable scenes, and the performances strengthen the overall experience.",positive
The film has a running time of 118 minutes. The credits list the principal cast members.,neutral
"The thriller creates unconvincing character relationships, and the story becomes increasingly difficult to follow.",negative
"The adaptation keeps the dialogue lively, leaving a lasting impression.",positive
"The director's work creates unconvincing character relationships, making the movie hard to recommend.",negative
"The story uses its visual style without much purpose, giving the movie an uneven and frustrating quality.",negative
The drama was released in 2017. The cast includes actors from television and film.,neutral
"This movie turns a simple premise into an engaging story, and the performances strengthen the overall experience.",positive
The drama was released in 2020. The story takes place in several locations.,neutral
"The comedy maintains a consistent tone, which gives the movie considerable appeal.",positive
"This movie makes limited use of its setting, and the conclusion does not feel earned.",negative
The film includes scenes set in a workplace. The narrative follows events involving several characters.,neutral
The drama has a running time of 118 minutes. The story takes place in several locations.,neutral
"The comedy gives the performances room to stand out, which gives the movie considerable appeal.",positive
"The comedy uses its visual style without much purpose, which makes the final result feel unsatisfying.",negative
"The production moves naturally between its scenes, making the film easy to recommend.",positive
"The production makes limited use of its setting, and the performances do little to improve it.",negative
"The production makes limited use of its setting, and the performances do little to improve it.",negative
"The adaptation keeps the dialogue lively, leaving a lasting impression.",positive
"The drama develops its characters carefully, and the conclusion feels well earned.",positive
The film uses English as its primary language. The plot follows events presented in chronological order.,neutral
The film was released in 2014. The plot follows events presented in chronological order.,neutral
"This movie creates memorable scenes, and the performances strengthen the overall experience.",positive
"The cast moves at an uneven pace, leaving a disappointing impression.",negative
"The director's work creates unconvincing character relationships, making the movie hard to recommend.",negative
"The story uses its visual style without much purpose, giving the movie an uneven and frustrating quality.",negative
"The drama creates unconvincing character relationships, and the emotional moments rarely feel convincing.",negative
"The thriller makes limited use of its setting, and the story becomes increasingly difficult to follow.",negative
The drama was distributed in several countries. The cast includes actors from television and film.,neutral
"The production makes the main characters easy to follow, making the film easy to recommend.",positive
"The cast builds its story with confidence, giving the movie a confident and entertaining quality.",positive
"The director's work gives the ending enough weight, and the emotional moments feel convincing.",positive
"This movie creates unconvincing character relationships, and the conclusion does not feel earned.",negative
"This movie makes limited use of its setting, and the conclusion does not feel earned.",negative
"The thriller uses its setting effectively, and the story remains interesting throughout.",positive
"The adaptation moves at an uneven pace, which weakens the overall experience.",negative
The film covers a period of several months. The opening scene introduces the main characters.,neutral
The film takes place during the winter. The narrative follows events involving several characters.,neutral
"This movie creates memorable scenes, and the performances strengthen the overall experience.",positive
The drama uses English as its primary language. The production includes both indoor and outdoor scenes.,neutral
"The production makes the main characters easy to follow, making the film easy to recommend.",positive
"The comedy moves at an uneven pace, which makes the final result feel unsatisfying.",negative
The film uses both indoor and outdoor locations. The opening scene introduces the main characters.,neutral
"The film moves at an uneven pace, and the result is difficult to enjoy.",negative
"The comedy maintains a consistent tone, which gives the movie considerable appeal.",positive
"The drama has a running time of 126 minutes. The film contains dialogue, music, and background sound.",neutral
The drama uses both indoor and outdoor locations. The cast includes actors from television and film.,neutral
"The director's work makes limited use of its setting, making the movie hard to recommend.",negative
"The adaptation keeps the dialogue lively, leaving a lasting impression.",positive
"The cast connects its different storylines effectively, giving the movie a confident and entertaining quality.",positive
"The production makes the main characters easy to follow, making the film easy to recommend.",positive
"This movie creates memorable scenes, and the performances strengthen the overall experience.",positive
The film was filmed in color. The credits list the principal cast members.,neutral
"The film makes good use of its visual style, and the result is thoroughly enjoyable.",positive
"The director's work keeps the audience engaged, and the emotional moments feel convincing.",positive
The drama has a running time of 132 minutes. The production includes both indoor and outdoor scenes.,neutral
The film was filmed in color. The opening scene introduces the main characters.,neutral
"The story uses humor at appropriate moments, which makes the final result particularly satisfying.",positive
The film was produced by an independent studio. The narrative follows events involving several characters.,neutral
The drama was distributed in several countries. The cast includes actors from television and film.,neutral
"The cast builds its story with confidence, giving the movie a confident and entertaining quality.",positive
"The story moves at an uneven pace, giving the movie an uneven and frustrating quality.",negative
"The story uses humor at appropriate moments, which makes the final result particularly satisfying.",positive
"The film maintains a strong pace, and the result is thoroughly enjoyable.",positive
"The thriller creates unconvincing character relationships, and the story becomes increasingly difficult to follow.",negative
"The thriller uses its setting effectively, and the story remains interesting throughout.",positive
"The production makes limited use of its setting, and the performances do little to improve it.",negative
The drama was distributed in several countries. The cast includes actors from television and film.,neutral
"The story uses its visual style without much purpose, giving the movie an uneven and frustrating quality.",negative
"The production makes limited use of its setting, and the performances do little to improve it.",negative
"The drama has a running time of 126 minutes. The film contains dialogue, music, and background sound.",neutral
The drama has a running time of 104 minutes. The production includes both indoor and outdoor scenes.,neutral
"The story uses its visual style without much purpose, giving the movie an uneven and frustrating quality.",negative
"The adaptation moves at an uneven pace, which weakens the overall experience.",negative
"The drama develops its characters carefully, and the conclusion feels well earned.",positive
The film was released in 2017. The narrative follows events involving several characters.,neutral
"The production moves naturally between its scenes, making the film easy to recommend.",positive
"The director's work makes limited use of its setting, making the movie hard to recommend.",negative
The film includes scenes set in a workplace. The credits list the principal cast members.,neutral
The drama follows events across several days. The production includes both indoor and outdoor scenes.,neutral
"The thriller makes limited use of its setting, and the story becomes increasingly difficult to follow.",negative
"The cast connects its different storylines effectively, giving the movie a confident and entertaining quality.",positive
The drama takes place during the winter. The production includes both indoor and outdoor scenes.,neutral
"The adaptation uses its visual style without much purpose, which weakens the overall experience.",negative
The film was filmed in several locations. The story includes scenes from different parts of the town.,neutral
"The thriller creates convincing character relationships, and the story remains interesting throughout.",positive
"The thriller uses its setting effectively, and the story remains interesting throughout.",positive
The drama was produced by an independent studio. The production includes both indoor and outdoor scenes.,neutral
"The drama develops its characters carefully, and the conclusion feels well earned.",positive
"The film uses its visual style without much purpose, and the result is difficult to enjoy.",negative
"The film makes good use of its visual style, and the result is thoroughly enjoyable.",positive
"The drama was released in 2008. The film contains dialogue, music, and background sound.",neutral
The film includes scenes set in a workplace. The opening scene introduces the main characters.,neutral
"The cast builds its story with confidence, giving the movie a confident and entertaining quality.",positive
"The production makes the main characters easy to follow, making the film easy to recommend.",positive
"The film maintains a strong pace, and the result is thoroughly enjoyable.",positive
"The production creates unconvincing character relationships, and the performances do little to improve it.",negative
"The adaptation uses its visual style without much purpose, which weakens the overall experience.",negative
"The adaptation handles the central conflict with care, leaving a lasting impression.",positive
"The director's work gives the ending enough weight, and the emotional moments feel convincing.",positive
The drama was released in 2020. The production includes both indoor and outdoor scenes.,neutral
"This movie creates unconvincing character relationships, and the conclusion does not feel earned.",negative
The drama has a running time of 126 minutes. The production uses a mixture of daytime and nighttime scenes.,neutral
"The story uses humor at appropriate moments, which makes the final result particularly satisfying.",positive
The film is set in a large metropolitan area. The story includes scenes from different parts of the town.,neutral
The drama was filmed in several locations. The cast includes actors from television and film.,neutral
"This movie creates memorable scenes, and the performances strengthen the overall experience.",positive
"The drama creates unconvincing character relationships, and the emotional moments rarely feel convincing.",negative
The drama has a running time of 118 minutes. The production uses a mixture of daytime and nighttime scenes.,neutral
The drama includes scenes set in a workplace. The story takes place in several locations.,neutral
The film was released in 2020. The credits list the principal cast members.,neutral
The film includes scenes set in a workplace. The story includes scenes from different parts of the town.,neutral
The drama uses English as its primary language. The story takes place in several locations.,neutral
"The cast uses its visual style without much purpose, leaving a disappointing impression.",negative
The drama features a cast of six principal actors. The production includes both indoor and outdoor scenes.,neutral
"The thriller uses its setting effectively, and the story remains interesting throughout.",positive
The drama was released in 2005. The cast includes actors from television and film.,neutral
"This movie turns a simple premise into an engaging story, and the performances strengthen the overall experience.",positive
The film was released in 2005. The opening scene introduces the main characters.,neutral
"The comedy uses its visual style without much purpose, which makes the final result feel unsatisfying.",negative
"The drama keeps its central idea clear, and the conclusion feels well earned.",positive
"The comedy uses its visual style without much purpose, which makes the final result feel unsatisfying.",negative
"The production moves naturally between its scenes, making the film easy to recommend.",positive
"The film moves at an uneven pace, and the result is difficult to enjoy.",negative
"The cast uses its visual style without much purpose, leaving a disappointing impression.",negative
The film covers a period of several months. The narrative follows events involving several characters.,neutral
The drama was filmed in several locations. The production uses a mixture of daytime and nighttime scenes.,neutral
"The drama follows events across several days. The film contains dialogue, music, and background sound.",neutral
"The cast moves at an uneven pace, leaving a disappointing impression.",negative
The drama was released in 2001. The cast includes actors from television and film.,neutral
The film was released in 2014. The story includes scenes from different parts of the town.,neutral
"The director's work keeps the audience engaged, and the emotional moments feel convincing.",positive
The film was distributed in several countries. The plot follows events presented in chronological order.,neutral
"The production moves naturally between its scenes, making the film easy to recommend.",positive
The film was released in 2017. The plot follows events presented in chronological order.,neutral
"The production makes limited use of its setting, and the performances do little to improve it.",negative
The drama has a running time of 118 minutes. The story takes place in several locations.,neutral
"This movie makes limited use of its setting, and the conclusion does not feel earned.",negative
The film was released in 2017. The opening scene introduces the main characters.,neutral
"The director's work creates unconvincing character relationships, making the movie hard to recommend.",negative
"The adaptation moves at an uneven pace, which weakens the overall experience.",negative
"The film maintains a strong pace, and the result is thoroughly enjoyable.",positive
The film was produced by an independent studio. The story includes scenes from different parts of the town.,neutral
"The production makes limited use of its setting, and the performances do little to improve it.",negative
The drama was filmed in color. The story takes place in several locations.,neutral
"The thriller uses its setting effectively, and the story remains interesting throughout.",positive
The film takes place during the winter. The opening scene introduces the main characters.,neutral
"The cast builds its story with confidence, giving the movie a confident and entertaining quality.",positive
"The director's work keeps the audience engaged, and the emotional moments feel convincing.",positive
"The story balances its dramatic moments well, which makes the final result particularly satisfying.",positive
"The story balances its dramatic moments well, which makes the final result particularly satisfying.",positive
The drama was released in 2005. The production includes both indoor and outdoor scenes.,neutral
The drama was released in 1998. The story takes place in several locations.,neutral
"The cast builds its story with confidence, giving the movie a confident and entertaining quality.",positive
"The adaptation handles the central conflict with care, leaving a lasting impression.",positive
"The cast uses its visual style without much purpose, leaving a disappointing impression.",negative
"The thriller creates unconvincing character relationships, and the story becomes increasingly difficult to follow.",negative
The film was released in 2011. The opening scene introduces the main characters.,neutral
"The story uses its visual style without much purpose, giving the movie an uneven and frustrating quality.",negative
The film was released in 2008. The credits list the principal cast members.,neutral
"The adaptation moves at an uneven pace, which weakens the overall experience.",negative
The drama was filmed in color. The story takes place in several locations.,neutral
The drama was released in 2014. The cast includes actors from television and film.,neutral
"The film uses its visual style without much purpose, and the result is difficult to enjoy.",negative
The drama was produced by an independent studio. The production uses a mixture of daytime and nighttime scenes.,neutral
"The story moves at an uneven pace, giving the movie an uneven and frustrating quality.",negative
"The thriller creates convincing character relationships, and the story remains interesting throughout.",positive
"The production creates unconvincing character relationships, and the performances do little to improve it.",negative
The drama includes scenes set in a school. The production uses a mixture of daytime and nighttime scenes.,neutral
"The film moves at an uneven pace, and the result is difficult to enjoy.",negative
The film uses both indoor and outdoor locations. The credits list the principal cast members.,neutral
The film was released in 2008. The credits list the principal cast members.,neutral
"The film makes good use of its visual style, and the result is thoroughly enjoyable.",positive
"The comedy moves at an uneven pace, which makes the final result feel unsatisfying.",negative
The drama was filmed in color. The production uses a mixture of daytime and nighttime scenes.,neutral
"The comedy gives the performances room to stand out, which gives the movie considerable appeal.",positive
"This movie turns a simple premise into an engaging story, and the performances strengthen the overall experience.",positive
"The adaptation moves at an uneven pace, which weakens the overall experience.",negative
"The director's work creates unconvincing character relationships, making the movie hard to recommend.",negative
"The cast moves at an uneven pace, leaving a disappointing impression.",negative
"This movie turns a simple premise into an engaging story, and the performances strengthen the overall experience.",positive
"The adaptation handles the central conflict with care, leaving a lasting impression.",positive
"The director's work keeps the audience engaged, and the emotional moments feel convincing.",positive
"The comedy moves at an uneven pace, which makes the final result feel unsatisfying.",negative
The film was released in 2005. The credits list the principal cast members.,neutral
"The director's work gives the ending enough weight, and the emotional moments feel convincing.",positive
The drama includes scenes set in a workplace. The production includes both indoor and outdoor scenes.,neutral
The film was filmed in several locations. The narrative follows events involving several characters.,neutral
The drama covers a period of several months. The production includes both indoor and outdoor scenes.,neutral
"The thriller makes limited use of its setting, and the story becomes increasingly difficult to follow.",negative
"The story uses its visual style without much purpose, giving the movie an uneven and frustrating quality.",negative
"The director's work makes limited use of its setting, making the movie hard to recommend.",negative
"The director's work keeps the audience engaged, and the emotional moments feel convincing.",positive
"The cast uses its visual style without much purpose, leaving a disappointing impression.",negative
The drama was released in 2011. The story takes place in several locations.,neutral
"The film maintains a strong pace, and the result is thoroughly enjoyable.",positive
The film includes scenes set in a workplace. The opening scene introduces the main characters.,neutral
"The drama is set in a small coastal town. The film contains dialogue, music, and background sound.",neutral
"The story balances its dramatic moments well, which makes the final result particularly satisfying.",positive
The film follows events across several days. The credits list the principal cast members.,neutral
The drama follows events across several days. The cast includes actors from television and film.,neutral
The film was filmed in color. The credits list the principal cast members.,neutral
"The director's work makes limited use of its setting, making the movie hard to recommend.",negative
"The drama includes scenes set in a workplace. The film contains dialogue, music, and background sound.",neutral
"The adaptation handles the central conflict with care, leaving a lasting impression.",positive
"The thriller creates unconvincing character relationships, and the story becomes increasingly difficult to follow.",negative
"The adaptation moves at an uneven pace, which weakens the overall experience.",negative
"The cast builds its story with confidence, giving the movie a confident and entertaining quality.",positive
"The story uses its visual style without much purpose, giving the movie an uneven and frustrating quality.",negative
The drama takes place during the summer. The production uses a mixture of daytime and nighttime scenes.,neutral
"This movie makes limited use of its setting, and the conclusion does not feel earned.",negative
The film was released in 2017. The story includes scenes from different parts of the town.,neutral
The film contains several dialogue scenes. The plot follows events presented in chronological order.,neutral
"The drama keeps its central idea clear, and the conclusion feels well earned.",positive
"The drama keeps its central idea clear, and the conclusion feels well earned.",positive
"The cast builds its story with confidence, giving the movie a confident and entertaining quality.",positive
"The thriller makes limited use of its setting, and the story becomes increasingly difficult to follow.",negative
"The drama keeps its central idea clear, and the conclusion feels well earned.",positive
The film covers a period of several months. The narrative follows events involving several characters.,neutral
"The production moves naturally between its scenes, making the film easy to recommend.",positive
"The comedy gives the performances room to stand out, which gives the movie considerable appeal.",positive
"The drama uses both indoor and outdoor locations. The film contains dialogue, music, and background sound.",neutral
"The production moves naturally between its scenes, making the film easy to recommend.",positive
The film follows events across several days. The credits list the principal cast members.,neutral
"The drama makes limited use of its setting, and the emotional moments rarely feel convincing.",negative
The drama was adapted from a novel. The production uses a mixture of daytime and nighttime scenes.,neutral
The film takes place during the summer. The credits list the principal cast members.,neutral
"The film moves at an uneven pace, and the result is difficult to enjoy.",negative
The drama was released in 1998. The production includes both indoor and outdoor scenes.,neutral
"The story uses humor at appropriate moments, which makes the final result particularly satisfying.",positive
"The film uses its visual style without much purpose, and the result is difficult to enjoy.",negative
"This movie turns a simple premise into an engaging story, and the performances strengthen the overall experience.",positive
The film has a running time of 118 minutes. The plot follows events presented in chronological order.,neutral
"The drama makes limited use of its setting, and the emotional moments rarely feel convincing.",negative
"The production makes the main characters easy to follow, making the film easy to recommend.",positive
"The director's work creates unconvincing character relationships, making the movie hard to recommend.",negative
The film uses English as its primary language. The story includes scenes from different parts of the town.,neutral
"The comedy moves at an uneven pace, which makes the final result feel unsatisfying.",negative
"The film uses its visual style without much purpose, and the result is difficult to enjoy.",negative
"The cast connects its different storylines effectively, giving the movie a confident and entertaining quality.",positive
"The adaptation moves at an uneven pace, which weakens the overall experience.",negative
"The director's work gives the ending enough weight, and the emotional moments feel convincing.",positive
"The adaptation handles the central conflict with care, leaving a lasting impression.",positive
"The comedy uses its visual style without much purpose, which makes the final result feel unsatisfying.",negative
"This movie creates memorable scenes, and the performances strengthen the overall experience.",positive
"The cast connects its different storylines effectively, giving the movie a confident and entertaining quality.",positive
"The comedy uses its visual style without much purpose, which makes the final result feel unsatisfying.",negative
"The director's work makes limited use of its setting, making the movie hard to recommend.",negative
"The drama creates unconvincing character relationships, and the emotional moments rarely feel convincing.",negative
The drama has a running time of 126 minutes. The cast includes actors from television and film.,neutral
"The drama keeps its central idea clear, and the conclusion feels well earned.",positive
"The cast builds its story with confidence, giving the movie a confident and entertaining quality.",positive
"The production creates unconvincing character relationships, and the performances do little to improve it.",negative
The drama was produced by an independent studio. The production uses a mixture of daytime and nighttime scenes.,neutral
"The production creates unconvincing character relationships, and the performances do little to improve it.",negative
"The story uses humor at appropriate moments, which makes the final result particularly satisfying.",positive
"The comedy uses its visual style without much purpose, which makes the final result feel unsatisfying.",negative
The film was released in 1998. The story includes scenes from different parts of the town.,neutral
The film is set in a small coastal town. The story includes scenes from different parts of the town.,neutral
The drama takes place during the summer. The production includes both indoor and outdoor scenes.,neutral
The film was filmed in color. The story includes scenes from different parts of the town.,neutral
"The comedy maintains a consistent tone, which gives the movie considerable appeal.",positive
The film uses English as its primary language. The narrative follows events involving several characters.,neutral
"The adaptation keeps the dialogue lively, leaving a lasting impression.",positive
"The drama was released in 2020. The film contains dialogue, music, and background sound.",neutral
The drama was adapted from a novel. The cast includes actors from television and film.,neutral
"The story balances its dramatic moments well, which makes the final result particularly satisfying.",positive
"The thriller uses its setting effectively, and the story remains interesting throughout.",positive
"The drama develops its characters carefully, and the conclusion feels well earned.",positive
"The story uses humor at appropriate moments, which makes the final result particularly satisfying.",positive
"The film makes good use of its visual style, and the result is thoroughly enjoyable.",positive
"The comedy moves at an uneven pace, which makes the final result feel unsatisfying.",negative
The film covers a period of several months. The narrative follows events involving several characters.,neutral
"The cast connects its different storylines effectively, giving the movie a confident and entertaining quality.",positive
The drama was released in 2020. The production uses a mixture of daytime and nighttime scenes.,neutral
The drama was released in 2008. The production includes both indoor and outdoor scenes.,neutral
"The director's work gives the ending enough weight, and the emotional moments feel convincing.",positive
"This movie turns a simple premise into an engaging story, and the performances strengthen the overall experience.",positive
"The comedy maintains a consistent tone, which gives the movie considerable appeal.",positive
"The director's work creates unconvincing character relationships, making the movie hard to recommend.",negative
"The adaptation uses its visual style without much purpose, which weakens the overall experience.",negative
"The story uses humor at appropriate moments, which makes the final result particularly satisfying.",positive
"The cast connects its different storylines effectively, giving the movie a confident and entertaining quality.",positive
The drama features a cast of six principal actors. The cast includes actors from television and film.,neutral
